"category","reason","user_txId","user_timestamp","user_asset","user_quantity","user_type","exchange_txId","exchange_timestamp","exchange_asset","exchange_quantity","exchange_type"
"Conflicting","Both timestamp (2594s) and quantity (68.1031%) exceed tolerance","USR-172","2024-08-01T08:46:22.000Z","ETH",5.9617,"TRANSFER_OUT","EXC-1182","2024-08-01T08:03:08.000Z","ETH",1.9016,"TRANSFER_IN"
"Conflicting","Quantity difference (70.4577%) exceeds tolerance","USR-489","2024-11-10T17:54:55.000Z","XRP",3327.36,"SELL","EXC-1334","2024-11-10T17:53:00.000Z","XRP",982.98,"SELL"
"Unmatched (User only)","No matching transaction found in exchange file","USR-329","2024-01-01T16:51:36.000Z","SOL",42.64,"SELL","N/A","N/A","N/A","N/A","N/A"
"Unmatched (User only)","No matching transaction found in exchange file","USR-370","2024-01-02T19:31:17.000Z","DOT",13.3952,"BUY","N/A","N/A","N/A","N/A","N/A"
"Unmatched (User only)","No matching transaction found in exchange file","USR-304","2024-01-02T23:18:24.000Z","AVAX",19.4407,"TRANSFER_OUT","N/A","N/A","N/A","N/A","N/A"
"Unmatched (User only)","No matching transaction found in exchange file","USR-436","2024-01-03T01:01:32.000Z","SOL",47.3947,"EARN","N/A","N/A","N/A","N/A","N/A"
"Unmatched (User only)","No matching transaction found in exchange file","USR-473","2024-01-03T01:20:54.000Z","ADA",3593.27,"BUY","N/A","N/A","N/A","N/A","N/A"
"Unmatched (User only)","No matching transaction found in exchange file","USR-146","2024-01-05T03:37:36.000Z","MATIC",2091.51,"TRANSFER_OUT","N/A","N/A","N/A","N/A","N/A"
"Unmatched (User only)","No matching transaction found in exchange file","USR-086","2024-01-05T16:55:38.000Z","SOL",14.973,"REFERRAL_BONUS","N/A","N/A","N/A","N/A","N/A"
"Unmatched (User only)","No matching transaction found in exchange file","USR-277","2024-01-06T02:47:04.000Z","ETH",14.4069,"TRANSFER_IN","N/A","N/A","N/A","N/A","N/A"
"Unmatched (User only)","No matching transaction found in exchange file","USR-460","2024-01-06T09:12:53.000Z","MATIC",524.38,"TRANSFER_IN","N/A","N/A","N/A","N/A","N/A"
"Unmatched (User only)","No matching transaction found in exchange file","USR-239","2024-01-06T17:00:12.000Z","ADA",4747.26,"TRANSFER_OUT","N/A","N/A","N/A","N/A","N/A"
"Unmatched (User only)","No matching transaction found in exchange file","USR-244","2024-01-08T18:49:22.000Z","XRP",3331.76,"SELL","N/A","N/A","N/A","N/A","N/A"
"Unmatched (User only)","No matching transaction found in exchange file","USR-199","2024-01-09T16:01:22.000Z","MATIC",4037.35,"AIRDROP","N/A","N/A","N/A","N/A","N/A"
"Unmatched (User only)","No matching transaction found in exchange file","USR-186","2024-01-09T23:16:29.000Z","ADA",1637.19,"TRANSFER_IN","N/A","N/A","N/A","N/A","N/A"
"Unmatched (User only)","No matching transaction found in exchange file","USR-496","2024-01-11T19:43:28.000Z","UNI",2.3514,"BUY","N/A","N/A","N/A","N/A","N/A"
"Unmatched (User only)","No matching transaction found in exchange file","USR-345","2024-01-11T23:26:11.000Z","SOL",28.6857,"SELL","N/A","N/A","N/A","N/A","N/A"
"Unmatched (User only)","No matching transaction found in exchange file","USR-465","2024-01-12T13:03:29.000Z","UNI",26.2037,"SWAP","N/A","N/A","N/A","N/A","N/A"
"Unmatched (User only)","No matching transaction found in exchange file","USR-470","2024-01-12T17:42:53.000Z","UNI",10.3495,"BUY","N/A","N/A","N/A","N/A","N/A"
"Unmatched (User only)","No matching transaction found in exchange file","USR-403","2024-01-13T20:08:35.000Z","ADA",3178.5,"BUY","N/A","N/A","N/A","N/A","N/A"
"Unmatched (User only)","No matching transaction found in exchange file","USR-137","2024-01-15T09:06:50.000Z","LINK",34.9526,"TRANSFER_IN","N/A","N/A","N/A","N/A","N/A"
"Unmatched (User only)","No matching transaction found in exchange file","USR-120","2024-01-16T12:50:49.000Z","SOL",30.315,"SELL","N/A","N/A","N/A","N/A","N/A"
"Unmatched (User only)","No matching transaction found in exchange file","USR-151","2024-01-17T18:55:15.000Z","ETH",9.9547,"BUY","N/A","N/A","N/A","N/A","N/A"
"Unmatched (User only)","No matching transaction found in exchange file","USR-397","2024-01-18T04:44:53.000Z","bitcoin",0.71338,"BUY","N/A","N/A","N/A","N/A","N/A"
"Unmatched (User only)","No matching transaction found in exchange file","USR-032","2024-01-19T05:29:35.000Z","SOL",24.2057,"BUY","N/A","N/A","N/A","N/A","N/A"
"Unmatched (User only)","No matching transaction found in exchange file","USR-162","2024-01-19T21:40:58.000Z","MATIC",3937.4,"SELL","N/A","N/A","N/A","N/A","N/A"
"Unmatched (User only)","No matching transaction found in exchange file","USR-457","2024-01-20T07:03:20.000Z","SOL",17.9335,"SELL","N/A","N/A","N/A","N/A","N/A"
"Unmatched (User only)","No matching transaction found in exchange file","USR-280","2024-01-20T08:57:22.000Z","LINK",13.9778,"BUY","N/A","N/A","N/A","N/A","N/A"
"Unmatched (User only)","No matching transaction found in exchange file","USR-002","2024-01-22T05:18:19.000Z","MATIC",1339.77,"SWAP","N/A","N/A","N/A","N/A","N/A"
"Unmatched (User only)","No matching transaction found in exchange file","USR-351","2024-01-22T11:21:10.000Z","AVAX",36.3274,"SELL","N/A","N/A","N/A","N/A","N/A"
"Unmatched (User only)","No matching transaction found in exchange file","USR-197","2024-01-24T14:08:40.000Z","ETH",7.5038,"BUY","N/A","N/A","N/A","N/A","N/A"
"Unmatched (User only)","No matching transaction found in exchange file","USR-104","2024-01-25T18:54:30.000Z","MATIC",250.08,"TRANSFER_OUT","N/A","N/A","N/A","N/A","N/A"
"Unmatched (User only)","No matching transaction found in exchange file","USR-082","2024-01-25T22:25:01.000Z","DOT",33.6976,"BUY","N/A","N/A","N/A","N/A","N/A"
"Unmatched (User only)","No matching transaction found in exchange file","USR-421","2024-01-25T23:38:36.000Z","MATIC",4494.77,"BUY","N/A","N/A","N/A","N/A","N/A"
"Unmatched (User only)","No matching transaction found in exchange file","USR-133","2024-01-26T06:16:23.000Z","BTC",2.05832,"SELL","N/A","N/A","N/A","N/A","N/A"
"Unmatched (User only)","No matching transaction found in exchange file","USR-011","2024-01-26T17:31:08.000Z","XRP",688.21,"SWAP","N/A","N/A","N/A","N/A","N/A"
"Unmatched (User only)","No matching transaction found in exchange file","USR-297","2024-01-27T02:09:00.000Z","ADA",2908.12,"SELL","N/A","N/A","N/A","N/A","N/A"
"Unmatched (User only)","No matching transaction found in exchange file","USR-243","2024-01-27T05:44:11.000Z","UNI",13.6369,"TRANSFER_OUT","N/A","N/A","N/A","N/A","N/A"
"Unmatched (User only)","No matching transaction found in exchange file","USR-398","2024-01-28T21:27:30.000Z","BTC",0.44054,"BUY","N/A","N/A","N/A","N/A","N/A"
"Unmatched (User only)","No matching transaction found in exchange file","USR-110","2024-01-31T07:30:51.000Z","UNI",0.4292,"SELL","N/A","N/A","N/A","N/A","N/A"
"Unmatched (User only)","No matching transaction found in exchange file","USR-467","2024-01-31T13:32:43.000Z","SOL",49.0574,"BUY","N/A","N/A","N/A","N/A","N/A"
"Unmatched (User only)","No matching transaction found in exchange file","USR-212","2024-01-31T15:24:37.000Z","BTC",0.66527,"SELL","N/A","N/A","N/A","N/A","N/A"
"Unmatched (User only)","No matching transaction found in exchange file","USR-313","2024-01-31T21:05:53.000Z","MATIC",4096.34,"SELL","N/A","N/A","N/A","N/A","N/A"
"Unmatched (User only)","No matching transaction found in exchange file","USR-038","2024-01-31T23:45:15.000Z","BTC",1.37669,"AIRDROP","N/A","N/A","N/A","N/A","N/A"
"Unmatched (User only)","No matching transaction found in exchange file","USR-168","2024-02-01T02:22:35.000Z","MATIC",2137.99,"BUY","N/A","N/A","N/A","N/A","N/A"
"Unmatched (User only)","No matching transaction found in exchange file","USR-076","2024-02-02T08:30:54.000Z","AVAX",2.2882,"SELL","N/A","N/A","N/A","N/A","N/A"
"Unmatched (User only)","No matching transaction found in exchange file","USR-115","2024-02-03T16:14:02.000Z","UNI",48.4653,"REFERRAL_BONUS","N/A","N/A","N/A","N/A","N/A"
"Unmatched (User only)","No matching transaction found in exchange file","USR-286","2024-02-04T10:08:28.000Z","ADA",3494.36,"SELL","N/A","N/A","N/A","N/A","N/A"
"Unmatched (User only)","No matching transaction found in exchange file","USR-250","2024-02-04T11:18:31.000Z","ADA",800.96,"REFERRAL_BONUS","N/A","N/A","N/A","N/A","N/A"
"Unmatched (User only)","No matching transaction found in exchange file","USR-448","2024-02-04T17:23:51.000Z","LINK",49.3333,"BUY","N/A","N/A","N/A","N/A","N/A"
"Unmatched (User only)","No matching transaction found in exchange file","USR-223","2024-02-06T01:37:04.000Z","XRP",1867.06,"BUY","N/A","N/A","N/A","N/A","N/A"
"Unmatched (User only)","No matching transaction found in exchange file","USR-400","2024-02-08T11:01:26.000Z","MATIC",1188.81,"TRANSFER_IN","N/A","N/A","N/A","N/A","N/A"
"Unmatched (User only)","No matching transaction found in exchange file","USR-461","2024-02-10T03:36:13.000Z","XRP",1896.42,"BUY","N/A","N/A","N/A","N/A","N/A"
"Unmatched (User only)","No matching transaction found in exchange file","USR-060","2024-02-10T04:10:58.000Z","XRP",1059.8,"BUY","N/A","N/A","N/A","N/A","N/A"
"Unmatched (User only)","No matching transaction found in exchange file","USR-318","2024-02-10T08:23:51.000Z","SOL",14.1846,"SELL","N/A","N/A","N/A","N/A","N/A"
"Unmatched (User only)","No matching transaction found in exchange file","USR-305","2024-02-10T09:59:16.000Z","BTC",1.48612,"BUY","N/A","N/A","N/A","N/A","N/A"
"Unmatched (User only)","No matching transaction found in exchange file","USR-367","2024-02-11T15:19:08.000Z","ETH",11.5329,"TRANSFER_IN","N/A","N/A","N/A","N/A","N/A"
"Unmatched (User only)","No matching transaction found in exchange file","USR-045","2024-02-11T21:57:12.000Z","ETH",7.3914,"SELL","N/A","N/A","N/A","N/A","N/A"
"Unmatched (User only)","No matching transaction found in exchange file","USR-238","2024-02-14T00:22:49.000Z","ADA",1038.44,"SELL","N/A","N/A","N/A","N/A","N/A"
"Unmatched (User only)","No matching transaction found in exchange file","USR-194","2024-02-14T05:34:10.000Z","AVAX",31.9621,"BUY","N/A","N/A","N/A","N/A","N/A"
"Unmatched (User only)","No matching transaction found in exchange file","USR-338","2024-02-14T07:46:06.000Z","MATIC",215.64,"SELL","N/A","N/A","N/A","N/A","N/A"
"Unmatched (User only)","No matching transaction found in exchange file","USR-419","2024-02-14T11:26:03.000Z","ETH",11.6059,"SELL","N/A","N/A","N/A","N/A","N/A"
"Unmatched (User only)","No matching transaction found in exchange file","USR-072","2024-02-14T22:17:09.000Z","UNI",26.5719,"BUY","N/A","N/A","N/A","N/A","N/A"
"Unmatched (User only)","No matching transaction found in exchange file","USR-255","2024-02-16T08:26:58.000Z","SOL",15.9431,"EARN","N/A","N/A","N/A","N/A","N/A"
"Unmatched (User only)","No matching transaction found in exchange file","USR-361","2024-02-16T23:16:03.000Z","ADA",4754.92,"TRANSFER_IN","N/A","N/A","N/A","N/A","N/A"
"Unmatched (User only)","No matching transaction found in exchange file","USR-476","2024-02-18T09:10:44.000Z","DOT",21.2622,"SELL","N/A","N/A","N/A","N/A","N/A"
"Unmatched (User only)","No matching transaction found in exchange file","USR-174","2024-02-21T08:35:28.000Z","DOT",15.5376,"BUY","N/A","N/A","N/A","N/A","N/A"
"Unmatched (User only)","No matching transaction found in exchange file","USR-029","2024-02-21T20:05:50.000Z","AVAX",40.015,"SWAP","N/A","N/A","N/A","N/A","N/A"
"Unmatched (User only)","No matching transaction found in exchange file","USR-048","2024-02-22T15:53:54.000Z","ETH",6.7631,"TRANSFER_IN","N/A","N/A","N/A","N/A","N/A"
"Unmatched (User only)","No matching transaction found in exchange file","USR-113","2024-02-22T16:43:08.000Z","DOT",1.2201,"BUY","N/A","N/A","N/A","N/A","N/A"
"Unmatched (User only)","No matching transaction found in exchange file","USR-270","2024-02-22T22:08:58.000Z","LINK",5.7473,"BUY","N/A","N/A","N/A","N/A","N/A"
"Unmatched (User only)","No matching transaction found in exchange file","USR-004","2024-02-23T17:20:13.000Z","DOT",26.5389,"BUY","N/A","N/A","N/A","N/A","N/A"
"Unmatched (User only)","No matching transaction found in exchange file","USR-260","2024-02-23T18:42:41.000Z","MATIC",960.68,"TRANSFER_OUT","N/A","N/A","N/A","N/A","N/A"
"Unmatched (User only)","No matching transaction found in exchange file","USR-130","2024-02-23T23:53:30.000Z","UNI",17.2834,"AIRDROP","N/A","N/A","N/A","N/A","N/A"
"Unmatched (User only)","No matching transaction found in exchange file","USR-464","2024-02-24T08:42:15.000Z","ETH",1.9772,"SELL","N/A","N/A","N/A","N/A","N/A"
"Unmatched (User only)","No matching transaction found in exchange file","USR-439","2024-02-24T12:31:09.000Z","AVAX",17.0004,"SELL","N/A","N/A","N/A","N/A","N/A"
"Unmatched (User only)","No matching transaction found in exchange file","USR-005","2024-02-25T23:56:45.000Z","MATIC",2075.5,"AIRDROP","N/A","N/A","N/A","N/A","N/A"
"Unmatched (User only)","No matching transaction found in exchange file","USR-237","2024-02-27T00:07:36.000Z","UNI",41.097,"AIRDROP","N/A","N/A","N/A","N/A","N/A"
"Unmatched (User only)","No matching transaction found in exchange file","USR-434","2024-02-27T19:56:24.000Z","SOL",10.3373,"BUY","N/A","N/A","N/A","N/A","N/A"
"Unmatched (User only)","No matching transaction found in exchange file","USR-035","2024-02-28T02:33:35.000Z","AVAX",17.3529,"TRANSFER_OUT","N/A","N/A","N/A","N/A","N/A"
"Unmatched (User only)","No matching transaction found in exchange file","USR-380","2024-02-28T05:20:54.000Z","LINK",22.9727,"TRANSFER_IN","N/A","N/A","N/A","N/A","N/A"
"Unmatched (User only)","No matching transaction found in exchange file","USR-511","2024-02-28T19:30:24.000Z","LINK",10.1123,"TRANSFER_IN","N/A","N/A","N/A","N/A","N/A"
"Unmatched (User only)","No matching transaction found in exchange file","USR-425","2024-02-28T19:44:37.000Z","ETH",4.1464,"REFERRAL_BONUS","N/A","N/A","N/A","N/A","N/A"
"Unmatched (User only)","No matching transaction found in exchange file","USR-187","2024-02-28T21:28:25.000Z","ETH",1.8843,"BUY","N/A","N/A","N/A","N/A","N/A"
"Unmatched (User only)","No matching transaction found in exchange file","USR-487","2024-02-29T16:36:31.000Z","ETH",0.411,"BUY","N/A","N/A","N/A","N/A","N/A"
"Unmatched (User only)","No matching transaction found in exchange file","USR-173","2024-03-01T16:15:43.000Z","DOT",26.2467,"BUY","N/A","N/A","N/A","N/A","N/A"
"Unmatched (User only)","No matching transaction found in exchange file","USR-294","2024-03-01T17:18:18.000Z","AVAX",45.8165,"BUY","N/A","N/A","N/A","N/A","N/A"
"Unmatched (User only)","No matching transaction found in exchange file","USR-247","2024-03-02T08:23:42.000Z","Bitcoin",0.76301,"EARN","N/A","N/A","N/A","N/A","N/A"
"Unmatched (User only)","No matching transaction found in exchange file","USR-132","2024-03-03T19:11:12.000Z","MATIC",4014.23,"SELL","N/A","N/A","N/A","N/A","N/A"
"Unmatched (User only)","No matching transaction found in exchange file","USR-412","2024-03-04T05:06:42.000Z","XRP",1233.36,"BUY","N/A","N/A","N/A","N/A","N/A"
"Unmatched (User only)","No matching transaction found in exchange file","USR-013","2024-03-05T09:49:32.000Z","SOL",17.2024,"SWAP","N/A","N/A","N/A","N/A","N/A"
"Unmatched (User only)","No matching transaction found in exchange file","USR-117","2024-03-06T12:16:46.000Z","UNI",41.0406,"BUY","N/A","N/A","N/A","N/A","N/A"
"Unmatched (User only)","No matching transaction found in exchange file","USR-094","2024-03-06T20:50:03.000Z","UNI",28.3864,"TRANSFER_IN","N/A","N/A","N/A","N/A","N/A"
"Unmatched (User only)","No matching transaction found in exchange file","USR-236","2024-03-07T02:34:24.000Z","ADA",1637.65,"SELL","N/A","N/A","N/A","N/A","N/A"
"Unmatched (User only)","No matching transaction found in exchange file","USR-404","2024-03-07T20:42:42.000Z","BTC",0.27866,"TRANSFER_OUT","N/A","N/A","N/A","N/A","N/A"
"Unmatched (User only)","No matching transaction found in exchange file","USR-165","2024-03-09T03:49:11.000Z","ETH",10.197,"BUY","N/A","N/A","N/A","N/A","N/A"
"Unmatched (User only)","No matching transaction found in exchange file","USR-432","2024-03-09T11:28:03.000Z","SOL",30.9696,"BUY","N/A","N/A","N/A","N/A","N/A"
"Unmatched (User only)","No matching transaction found in exchange file","USR-176","2024-03-10T03:06:03.000Z","LINK",46.7494,"SELL","N/A","N/A","N/A","N/A","N/A"
"Unmatched (User only)","No matching transaction found in exchange file","USR-366","2024-03-10T16:12:05.000Z","AVAX",3.563,"BUY","N/A","N/A","N/A","N/A","N/A"
"Unmatched (User only)","No matching transaction found in exchange file","USR-207","2024-03-10T18:02:03.000Z","MATIC",596.8,"SELL","N/A","N/A","N/A","N/A","N/A"
"Unmatched (User only)","No matching transaction found in exchange file","USR-275","2024-03-10T20:09:32.000Z","MATIC",2849.18,"BUY","N/A","N/A","N/A","N/A","N/A"
"Unmatched (User only)","No matching transaction found in exchange file","USR-148","2024-03-12T08:40:28.000Z","ETH",2.6855,"SWAP","N/A","N/A","N/A","N/A","N/A"
"Unmatched (User only)","No matching transaction found in exchange file","USR-336","2024-03-13T12:41:52.000Z","LINK",21.2638,"BUY","N/A","N/A","N/A","N/A","N/A"
"Unmatched (User only)","No matching transaction found in exchange file","USR-156","2024-03-14T01:23:13.000Z","ADA",1928.17,"BUY","N/A","N/A","N/A","N/A","N/A"
"Unmatched (User only)","No matching transaction found in exchange file","USR-423","2024-03-14T12:34:57.000Z","XRP",2287.29,"SWAP","N/A","N/A","N/A","N/A","N/A"
"Unmatched (User only)","No matching transaction found in exchange file","USR-479","2024-03-14T16:36:12.000Z","AVAX",11.3711,"AIRDROP","N/A","N/A","N/A","N/A","N/A"
"Unmatched (User only)","No matching transaction found in exchange file","USR-213","2024-03-14T22:53:56.000Z","LINK",4.9463,"REFERRAL_BONUS","N/A","N/A","N/A","N/A","N/A"
"Unmatched (User only)","No matching transaction found in exchange file","USR-289","2024-03-16T13:04:02.000Z","AVAX",24.676,"SELL","N/A","N/A","N/A","N/A","N/A"
"Unmatched (User only)","No matching transaction found in exchange file","USR-326","2024-03-17T08:44:42.000Z","SOL",22.7034,"BUY","N/A","N/A","N/A","N/A","N/A"
"Unmatched (User only)","No matching transaction found in exchange file","USR-441","2024-03-17T09:12:08.000Z","BTC",0.48868,"BUY","N/A","N/A","N/A","N/A","N/A"
"Unmatched (User only)","No matching transaction found in exchange file","USR-482","2024-03-18T16:37:10.000Z","ETH",13.3875,"TRANSFER_OUT","N/A","N/A","N/A","N/A","N/A"
"Unmatched (User only)","No matching transaction found in exchange file","USR-449","2024-03-18T18:12:54.000Z","XRP",2101.84,"BUY","N/A","N/A","N/A","N/A","N/A"
"Unmatched (User only)","No matching transaction found in exchange file","USR-020","2024-03-18T22:47:57.000Z","ETH",11.7736,"TRANSFER_OUT","N/A","N/A","N/A","N/A","N/A"
"Unmatched (User only)","No matching transaction found in exchange file","USR-242","2024-03-19T07:37:22.000Z","LINK",2.2698,"TRANSFER_IN","N/A","N/A","N/A","N/A","N/A"
"Unmatched (User only)","No matching transaction found in exchange file","USR-054","2024-03-19T09:25:19.000Z","LINK",43.0493,"BUY","N/A","N/A","N/A","N/A","N/A"
"Unmatched (User only)","No matching transaction found in exchange file","USR-240","2024-03-20T12:33:58.000Z","ETH",7.0731,"BUY","N/A","N/A","N/A","N/A","N/A"
"Unmatched (User only)","No matching transaction found in exchange file","USR-303","2024-03-21T01:28:56.000Z","XRP",3888.89,"SWAP","N/A","N/A","N/A","N/A","N/A"
"Unmatched (User only)","No matching transaction found in exchange file","USR-308","2024-03-21T14:26:26.000Z","XRP",616.58,"BUY","N/A","N/A","N/A","N/A","N/A"
"Unmatched (User only)","No matching transaction found in exchange file","USR-041","2024-03-21T16:59:36.000Z","UNI",48.1622,"BUY","N/A","N/A","N/A","N/A","N/A"
"Unmatched (User only)","No matching transaction found in exchange file","USR-447","2024-03-22T01:41:07.000Z","SOL",41.792,"EARN","N/A","N/A","N/A","N/A","N/A"
"Unmatched (User only)","No matching transaction found in exchange file","USR-192","2024-03-22T07:52:05.000Z","BTC",1.83857,"TRANSFER_OUT","N/A","N/A","N/A","N/A","N/A"
"Unmatched (User only)","No matching transaction found in exchange file","USR-014","2024-03-23T09:26:08.000Z","DOT",1.0543,"REFERRAL_BONUS","N/A","N/A","N/A","N/A","N/A"
"Unmatched (User only)","No matching transaction found in exchange file","USR-300","2024-03-25T07:34:10.000Z","BTC",0.21791,"SWAP","N/A","N/A","N/A","N/A","N/A"
"Unmatched (User only)","No matching transaction found in exchange file","USR-278","2024-03-25T14:24:38.000Z","AVAX",27.2207,"SELL","N/A","N/A","N/A","N/A","N/A"
"Unmatched (User only)","No matching transaction found in exchange file","USR-411","2024-03-26T00:58:03.000Z","ETH",3.6153,"SELL","N/A","N/A","N/A","N/A","N/A"
"Unmatched (User only)","No matching transaction found in exchange file","USR-408","2024-03-27T17:58:47.000Z","DOT",36.8353,"BUY","N/A","N/A","N/A","N/A","N/A"
"Unmatched (User only)","No matching transaction found in exchange file","USR-315","2024-03-28T06:54:55.000Z","XRP",3438.17,"BUY","N/A","N/A","N/A","N/A","N/A"
"Unmatched (User only)","No matching transaction found in exchange file","USR-140","2024-03-29T06:13:37.000Z","LINK",45.7589,"BUY","N/A","N/A","N/A","N/A","N/A"
"Unmatched (User only)","No matching transaction found in exchange file","USR-118","2024-03-30T15:01:11.000Z","MATIC",4615.64,"TRANSFER_OUT","N/A","N/A","N/A","N/A","N/A"
"Unmatched (User only)","No matching transaction found in exchange file","USR-022","2024-04-01T10:44:51.000Z","LINK",24.8681,"BUY","N/A","N/A","N/A","N/A","N/A"
"Unmatched (User only)","No matching transaction found in exchange file","USR-330","2024-04-01T17:36:23.000Z","MATIC",593.01,"TRANSFER_OUT","N/A","N/A","N/A","N/A","N/A"
"Unmatched (User only)","No matching transaction found in exchange file","USR-513","2024-04-02T01:53:22.000Z","DOT",13.42,"BUY","N/A","N/A","N/A","N/A","N/A"
"Unmatched (User only)","No matching transaction found in exchange file","USR-234","2024-04-04T11:32:25.000Z","LINK",30.8382,"TRANSFER_IN","N/A","N/A","N/A","N/A","N/A"
"Unmatched (User only)","No matching transaction found in exchange file","USR-073","2024-04-05T01:38:01.000Z","AVAX",12.0934,"TRANSFER_IN","N/A","N/A","N/A","N/A","N/A"
"Unmatched (User only)","No matching transaction found in exchange file","USR-191","2024-04-06T08:43:06.000Z","BTC",1.9206,"SELL","N/A","N/A","N/A","N/A","N/A"
"Unmatched (User only)","No matching transaction found in exchange file","USR-063","2024-04-07T23:40:08.000Z","MATIC",4830.87,"AIRDROP","N/A","N/A","N/A","N/A","N/A"
"Unmatched (User only)","No matching transaction found in exchange file","USR-129","2024-04-08T22:22:44.000Z","AVAX",9.0181,"TRANSFER_OUT","N/A","N/A","N/A","N/A","N/A"
"Unmatched (User only)","No matching transaction found in exchange file","USR-356","2024-04-09T12:58:40.000Z","XRP",1708.09,"EARN","N/A","N/A","N/A","N/A","N/A"
"Unmatched (User only)","No matching transaction found in exchange file","USR-364","2024-04-10T07:33:03.000Z","XRP",3858.33,"SELL","N/A","N/A","N/A","N/A","N/A"
"Unmatched (User only)","No matching transaction found in exchange file","USR-141","2024-04-11T18:41:54.000Z","ADA",2301.06,"TRANSFER_IN","N/A","N/A","N/A","N/A","N/A"
"Unmatched (User only)","No matching transaction found in exchange file","USR-353","2024-04-12T08:50:37.000Z","ADA",1930.01,"EARN","N/A","N/A","N/A","N/A","N/A"
"Unmatched (User only)","No matching transaction found in exchange file","USR-189","2024-04-13T20:59:36.000Z","BTC",2.10902,"TRANSFER_OUT","N/A","N/A","N/A","N/A","N/A"
"Unmatched (User only)","No matching transaction found in exchange file","USR-058","2024-04-14T01:25:04.000Z","BTC",0.06416,"SWAP","N/A","N/A","N/A","N/A","N/A"
"Unmatched (User only)","No matching transaction found in exchange file","USR-027","2024-04-14T13:49:29.000Z","MATIC",1819.76,"TRANSFER_IN","N/A","N/A","N/A","N/A","N/A"
"Unmatched (User only)","No matching transaction found in exchange file","USR-459","2024-04-15T19:10:51.000Z","SOL",27.2312,"BUY","N/A","N/A","N/A","N/A","N/A"
"Unmatched (User only)","No matching transaction found in exchange file","USR-028","2024-04-15T22:40:04.000Z","ETH",5.1474,"SWAP","N/A","N/A","N/A","N/A","N/A"
"Unmatched (User only)","No matching transaction found in exchange file","USR-307","2024-04-16T06:19:17.000Z","XRP",1419.42,"BUY","N/A","N/A","N/A","N/A","N/A"
"Unmatched (User only)","No matching transaction found in exchange file","USR-515","2024-04-16T06:51:35.000Z","DOT",32.3814,"AIRDROP","N/A","N/A","N/A","N/A","N/A"
"Unmatched (User only)","No matching transaction found in exchange file","USR-387","2024-04-16T17:52:16.000Z","ADA",3832.93,"SWAP","N/A","N/A","N/A","N/A","N/A"
"Unmatched (User only)","No matching transaction found in exchange file","USR-248","2024-04-17T12:22:18.000Z","MATIC",1809.12,"BUY","N/A","N/A","N/A","N/A","N/A"
"Unmatched (User only)","No matching transaction found in exchange file","USR-066","2024-04-18T18:30:52.000Z","ETH",2.6152,"SELL","N/A","N/A","N/A","N/A","N/A"
"Unmatched (User only)","No matching transaction found in exchange file","USR-407","2024-04-18T19:03:40.000Z","AVAX",43.1237,"SWAP","N/A","N/A","N/A","N/A","N/A"
"Unmatched (User only)","No matching transaction found in exchange file","USR-346","2024-04-19T11:50:53.000Z","ETH",1.1622,"BUY","N/A","N/A","N/A","N/A","N/A"
"Unmatched (User only)","No matching transaction found in exchange file","USR-424","2024-04-22T08:49:41.000Z","AVAX",4.4567,"EARN","N/A","N/A","N/A","N/A","N/A"
"Unmatched (User only)","No matching transaction found in exchange file","USR-276","2024-04-22T12:37:46.000Z","BTC",0.77449,"TRANSFER_OUT","N/A","N/A","N/A","N/A","N/A"
"Unmatched (User only)","No matching transaction found in exchange file","USR-071","2024-04-24T09:18:40.000Z","MATIC",1144.93,"SELL","N/A","N/A","N/A","N/A","N/A"
"Unmatched (User only)","No matching transaction found in exchange file","USR-065","2024-04-24T14:56:06.000Z","UNI",9.9038,"TRANSFER_IN","N/A","N/A","N/A","N/A","N/A"
"Unmatched (User only)","No matching transaction found in exchange file","USR-085","2024-04-24T22:23:54.000Z","BTC",1.33414,"SELL","N/A","N/A","N/A","N/A","N/A"
"Unmatched (User only)","No matching transaction found in exchange file","USR-021","2024-04-25T01:52:21.000Z","LINK",48.6587,"TRANSFER_OUT","N/A","N/A","N/A","N/A","N/A"
"Unmatched (User only)","No matching transaction found in exchange file","USR-437","2024-04-25T03:47:22.000Z","LINK",48.7825,"AIRDROP","N/A","N/A","N/A","N/A","N/A"
"Unmatched (User only)","No matching transaction found in exchange file","USR-281","2024-04-26T06:40:36.000Z","BTC",0.09277,"BUY","N/A","N/A","N/A","N/A","N/A"
"Unmatched (User only)","No matching transaction found in exchange file","USR-180","2024-04-26T17:34:20.000Z","LINK",0.515,"BUY","N/A","N/A","N/A","N/A","N/A"
"Unmatched (User only)","No matching transaction found in exchange file","USR-018","2024-04-27T07:36:31.000Z","LINK",12.7116,"SELL","N/A","N/A","N/A","N/A","N/A"
"Unmatched (User only)","No matching transaction found in exchange file","USR-466","2024-04-29T18:26:22.000Z","ETH",12.8537,"TRANSFER_OUT","N/A","N/A","N/A","N/A","N/A"
"Unmatched (User only)","No matching transaction found in exchange file","USR-323","2024-04-30T00:06:03.000Z","ETH",6.949,"SWAP","N/A","N/A","N/A","N/A","N/A"
"Unmatched (User only)","No matching transaction found in exchange file","USR-444","2024-04-30T00:33:48.000Z","DOT",18.5445,"BUY","N/A","N/A","N/A","N/A","N/A"
"Unmatched (User only)","No matching transaction found in exchange file","USR-358","2024-05-02T00:53:11.000Z","ADA",2623.76,"TRANSFER_IN","N/A","N/A","N/A","N/A","N/A"
"Unmatched (User only)","No matching transaction found in exchange file","USR-006","2024-05-02T02:13:51.000Z","SOL",38.9692,"BUY","N/A","N/A","N/A","N/A","N/A"
"Unmatched (User only)","No matching transaction found in exchange file","USR-198","2024-05-03T09:13:35.000Z","SOL",35.0963,"SELL","N/A","N/A","N/A","N/A","N/A"
"Unmatched (User only)","No matching transaction found in exchange file","USR-456","2024-05-04T12:38:38.000Z","UNI",0.9755,"SELL","N/A","N/A","N/A","N/A","N/A"
"Unmatched (User only)","No matching transaction found in exchange file","USR-495","2024-05-04T20:06:57.000Z","UNI",48.5465,"BUY","N/A","N/A","N/A","N/A","N/A"
"Unmatched (User only)","No matching transaction found in exchange file","USR-306","2024-05-04T23:49:18.000Z","XRP",161.28,"SELL","N/A","N/A","N/A","N/A","N/A"
"Unmatched (User only)","No matching transaction found in exchange file","USR-386","2024-05-05T06:26:05.000Z","DOT",16.2793,"SWAP","N/A","N/A","N/A","N/A","N/A"
"Unmatched (User only)","No matching transaction found in exchange file","USR-206","2024-05-05T15:51:01.000Z","LINK",34.1929,"SELL","N/A","N/A","N/A","N/A","N/A"
"Unmatched (User only)","No matching transaction found in exchange file","USR-217","2024-05-06T10:59:44.000Z","AVAX",46.6826,"AIRDROP","N/A","N/A","N/A","N/A","N/A"
"Unmatched (User only)","No matching transaction found in exchange file","USR-224","2024-05-06T11:20:57.000Z","UNI",45.9023,"TRANSFER_IN","N/A","N/A","N/A","N/A","N/A"
"Unmatched (User only)","No matching transaction found in exchange file","USR-324","2024-05-07T12:39:57.000Z","ETH",10.2858,"REFERRAL_BONUS","N/A","N/A","N/A","N/A","N/A"
"Unmatched (User only)","No matching transaction found in exchange file","USR-252","2024-05-08T06:09:22.000Z","ADA",2885.85,"BUY","N/A","N/A","N/A","N/A","N/A"
"Unmatched (User only)","No matching transaction found in exchange file","USR-037","2024-05-08T21:09:48.000Z","AVAX",43.4838,"SWAP","N/A","N/A","N/A","N/A","N/A"
"Unmatched (User only)","No matching transaction found in exchange file","USR-385","2024-05-11T09:15:56.000Z","UNI",11.1066,"TRANSFER_IN","N/A","N/A","N/A","N/A","N/A"
"Unmatched (User only)","No matching transaction found in exchange file","USR-502","2024-05-12T05:44:12.000Z","MATIC",2508.82,"TRANSFER_IN","N/A","N/A","N/A","N/A","N/A"
"Unmatched (User only)","No matching transaction found in exchange file","USR-320","2024-05-12T16:41:10.000Z","UNI",12.2602,"SELL","N/A","N/A","N/A","N/A","N/A"
"Unmatched (User only)","No matching transaction found in exchange file","USR-292","2024-05-12T22:43:14.000Z","ETH",7.6053,"BUY","N/A","N/A","N/A","N/A","N/A"
"Unmatched (User only)","No matching transaction found in exchange file","USR-179","2024-05-13T22:14:23.000Z","DOT",13.0644,"BUY","N/A","N/A","N/A","N/A","N/A"
"Unmatched (User only)","No matching transaction found in exchange file","USR-164","2024-05-14T00:37:11.000Z","XRP",1836.76,"TRANSFER_OUT","N/A","N/A","N/A","N/A","N/A"
"Unmatched (User only)","No matching transaction found in exchange file","USR-123","2024-05-16T12:03:46.000Z","BTC",1.07296,"SELL","N/A","N/A","N/A","N/A","N/A"
"Unmatched (User only)","No matching transaction found in exchange file","USR-359","2024-05-16T21:22:13.000Z","BTC",0.03089,"SELL","N/A","N/A","N/A","N/A","N/A"
"Unmatched (User only)","No matching transaction found in exchange file","USR-431","2024-05-17T12:19:31.000Z","AVAX",18.6579,"BUY","N/A","N/A","N/A","N/A","N/A"
"Unmatched (User only)","No matching transaction found in exchange file","USR-222","2024-05-18T11:57:06.000Z","LINK",28.5763,"SELL","N/A","N/A","N/A","N/A","N/A"
"Unmatched (User only)","No matching transaction found in exchange file","USR-484","2024-05-18T16:04:02.000Z","UNI",29.7231,"SELL","N/A","N/A","N/A","N/A","N/A"
"Unmatched (User only)","No matching transaction found in exchange file","USR-440","2024-05-19T04:08:57.000Z","ETH",6.0304,"TRANSFER_IN","N/A","N/A","N/A","N/A","N/A"
"Unmatched (User only)","No matching transaction found in exchange file","USR-474","2024-05-22T16:40:58.000Z","ETH",13.808,"AIRDROP","N/A","N/A","N/A","N/A","N/A"
"Unmatched (User only)","No matching transaction found in exchange file","USR-455","2024-05-25T07:29:48.000Z","DOT",43.4305,"SELL","N/A","N/A","N/A","N/A","N/A"
"Unmatched (User only)","No matching transaction found in exchange file","USR-402","2024-05-25T10:07:59.000Z","DOT",7.3326,"SELL","N/A","N/A","N/A","N/A","N/A"
"Unmatched (User only)","No matching transaction found in exchange file","USR-181","2024-05-25T11:36:48.000Z","DOT",39.9184,"BUY","N/A","N/A","N/A","N/A","N/A"
"Unmatched (User only)","No matching transaction found in exchange file","USR-389","2024-05-26T10:47:43.000Z","SOL",5.0884,"TRANSFER_IN","N/A","N/A","N/A","N/A","N/A"
"Unmatched (User only)","No matching transaction found in exchange file","USR-241","2024-05-26T15:13:42.000Z","XRP",2766.56,"SELL","N/A","N/A","N/A","N/A","N/A"
"Unmatched (User only)","No matching transaction found in exchange file","USR-107","2024-05-26T15:43:17.000Z","XRP",4182.62,"REFERRAL_BONUS","N/A","N/A","N/A","N/A","N/A"
"Unmatched (User only)","No matching transaction found in exchange file","USR-143","2024-05-26T19:38:34.000Z","XRP",4386.76,"SELL","N/A","N/A","N/A","N/A","N/A"
"Unmatched (User only)","No matching transaction found in exchange file","USR-500","2024-05-27T01:46:10.000Z","DOT",13.4043,"SELL","N/A","N/A","N/A","N/A","N/A"
"Unmatched (User only)","No matching transaction found in exchange file","USR-084","2024-05-28T12:01:55.000Z","XRP",3945.11,"SELL","N/A","N/A","N/A","N/A","N/A"
"Unmatched (User only)","No matching transaction found in exchange file","USR-228","2024-05-28T22:02:12.000Z","UNI",46.4398,"TRANSFER_OUT","N/A","N/A","N/A","N/A","N/A"
"Unmatched (User only)","No matching transaction found in exchange file","USR-008","2024-05-29T05:46:04.000Z","ETH",6.5113,"BUY","N/A","N/A","N/A","N/A","N/A"
"Unmatched (User only)","No matching transaction found in exchange file","USR-490","2024-05-29T08:41:22.000Z","LINK",0.9818,"SWAP","N/A","N/A","N/A","N/A","N/A"
"Unmatched (User only)","No matching transaction found in exchange file","USR-074","2024-05-30T05:37:27.000Z","MATIC",1937.79,"REFERRAL_BONUS","N/A","N/A","N/A","N/A","N/A"
"Unmatched (User only)","No matching transaction found in exchange file","USR-050","2024-05-30T19:52:54.000Z","SOL",34.6217,"SELL","N/A","N/A","N/A","N/A","N/A"
"Unmatched (User only)","No matching transaction found in exchange file","USR-105","2024-05-31T02:17:23.000Z","ADA",261.9,"BUY","N/A","N/A","N/A","N/A","N/A"
"Unmatched (User only)","No matching transaction found in exchange file","USR-061","2024-05-31T09:41:11.000Z","LINK",43.2556,"TRANSFER_IN","N/A","N/A","N/A","N/A","N/A"
"Unmatched (User only)","No matching transaction found in exchange file","USR-494","2024-06-01T08:58:15.000Z","AVAX",28.1565,"TRANSFER_IN","N/A","N/A","N/A","N/A","N/A"
"Unmatched (User only)","No matching transaction found in exchange file","USR-154","2024-06-02T06:42:27.000Z","AVAX",46.9888,"TRANSFER_OUT","N/A","N/A","N/A","N/A","N/A"
"Unmatched (User only)","No matching transaction found in exchange file","USR-264","2024-06-02T10:45:03.000Z","UNI",36.7931,"TRANSFER_OUT","N/A","N/A","N/A","N/A","N/A"
"Unmatched (User only)","No matching transaction found in exchange file","USR-442","2024-06-02T13:17:40.000Z","LINK",42.4876,"BUY","N/A","N/A","N/A","N/A","N/A"
"Unmatched (User only)","No matching transaction found in exchange file","USR-195","2024-06-03T02:12:02.000Z","DOT",16.2932,"BUY","N/A","N/A","N/A","N/A","N/A"
"Unmatched (User only)","No matching transaction found in exchange file","USR-101","2024-06-03T11:18:20.000Z","XRP",712.71,"TRANSFER_OUT","N/A","N/A","N/A","N/A","N/A"
"Unmatched (User only)","No matching transaction found in exchange file","USR-443","2024-06-03T18:30:32.000Z","MATIC",3035.7,"BUY","N/A","N/A","N/A","N/A","N/A"
"Unmatched (User only)","No matching transaction found in exchange file","USR-481","2024-06-04T23:05:20.000Z","AVAX",26.1809,"BUY","N/A","N/A","N/A","N/A","N/A"
"Unmatched (User only)","No matching transaction found in exchange file","USR-507","2024-06-05T14:43:00.000Z","DOT",33.2065,"TRANSFER_OUT","N/A","N/A","N/A","N/A","N/A"
"Unmatched (User only)","No matching transaction found in exchange file","USR-435","2024-06-06T11:47:39.000Z","LINK",48.7757,"SELL","N/A","N/A","N/A","N/A","N/A"
"Unmatched (User only)","No matching transaction found in exchange file","USR-263","2024-06-06T14:37:54.000Z","MATIC",4340.54,"TRANSFER_IN","N/A","N/A","N/A","N/A","N/A"
"Unmatched (User only)","No matching transaction found in exchange file","USR-138","2024-06-06T20:04:36.000Z","BTC",0.21802,"SELL","N/A","N/A","N/A","N/A","N/A"
"Unmatched (User only)","No matching transaction found in exchange file","USR-126","2024-06-08T03:42:44.000Z","LINK",0.459,"SELL","N/A","N/A","N/A","N/A","N/A"
"Unmatched (User only)","No matching transaction found in exchange file","USR-256","2024-06-09T02:08:39.000Z","SOL",36.3813,"BUY","N/A","N/A","N/A","N/A","N/A"
"Unmatched (User only)","No matching transaction found in exchange file","USR-406","2024-06-09T06:17:10.000Z","UNI",48.5098,"EARN","N/A","N/A","N/A","N/A","N/A"
"Unmatched (User only)","No matching transaction found in exchange file","USR-497","2024-06-09T08:27:43.000Z","MATIC",1933.84,"TRANSFER_OUT","N/A","N/A","N/A","N/A","N/A"
"Unmatched (User only)","No matching transaction found in exchange file","USR-184","2024-06-09T17:32:35.000Z","XRP",1459.15,"TRANSFER_OUT","N/A","N/A","N/A","N/A","N/A"
"Unmatched (User only)","No matching transaction found in exchange file","USR-261","2024-06-09T18:50:57.000Z","ADA",209.54,"BUY","N/A","N/A","N/A","N/A","N/A"
"Unmatched (User only)","No matching transaction found in exchange file","USR-290","2024-06-10T09:39:04.000Z","BTC",1.99203,"BUY","N/A","N/A","N/A","N/A","N/A"
"Unmatched (User only)","No matching transaction found in exchange file","USR-214","2024-06-10T14:48:03.000Z","ADA",2871.64,"BUY","N/A","N/A","N/A","N/A","N/A"
"Unmatched (User only)","No matching transaction found in exchange file","USR-463","2024-06-11T10:56:56.000Z","LINK",42.3189,"SWAP","N/A","N/A","N/A","N/A","N/A"
"Unmatched (User only)","No matching transaction found in exchange file","USR-409","2024-06-11T14:54:57.000Z","UNI",47.318,"EARN","N/A","N/A","N/A","N/A","N/A"
"Unmatched (User only)","No matching transaction found in exchange file","USR-051","2024-06-11T23:14:17.000Z","UNI",44.1465,"TRANSFER_IN","N/A","N/A","N/A","N/A","N/A"
"Unmatched (User only)","No matching transaction found in exchange file","USR-122","2024-06-12T18:03:33.000Z","BTC",1.9374,"TRANSFER_IN","N/A","N/A","N/A","N/A","N/A"
"Unmatched (User only)","No matching transaction found in exchange file","USR-235","2024-06-13T20:41:04.000Z","DOT",16.2382,"BUY","N/A","N/A","N/A","N/A","N/A"
"Unmatched (User only)","No matching transaction found in exchange file","USR-127","2024-06-13T20:52:47.000Z","SOL",21.361,"SELL","N/A","N/A","N/A","N/A","N/A"
"Unmatched (User only)","No matching transaction found in exchange file","USR-025","2024-06-14T19:33:47.000Z","SOL",43.7196,"BUY","N/A","N/A","N/A","N/A","N/A"
"Unmatched (User only)","No matching transaction found in exchange file","USR-215","2024-06-15T05:37:38.000Z","UNI",17.9624,"TRANSFER_OUT","N/A","N/A","N/A","N/A","N/A"
"Unmatched (User only)","No matching transaction found in exchange file","USR-081","2024-06-17T13:05:09.000Z","ETH",3.4224,"BUY","N/A","N/A","N/A","N/A","N/A"
"Unmatched (User only)","No matching transaction found in exchange file","USR-012","2024-06-17T19:03:10.000Z","XRP",4744.89,"SWAP","N/A","N/A","N/A","N/A","N/A"
"Unmatched (User only)","No matching transaction found in exchange file","USR-177","2024-06-18T07:16:58.000Z","AVAX",31.5893,"TRANSFER_IN","N/A","N/A","N/A","N/A","N/A"
"Unmatched (User only)","No matching transaction found in exchange file","USR-331","2024-06-18T09:15:54.000Z","UNI",19.774,"SELL","N/A","N/A","N/A","N/A","N/A"
"Unmatched (User only)","No matching transaction found in exchange file","USR-267","2024-06-20T01:56:20.000Z","BTC",1.2908,"SELL","N/A","N/A","N/A","N/A","N/A"
"Unmatched (User only)","No matching transaction found in exchange file","USR-433","2024-06-20T14:22:47.000Z","SOL",8.1466,"SWAP","N/A","N/A","N/A","N/A","N/A"
"Unmatched (User only)","No matching transaction found in exchange file","USR-178","2024-06-20T23:26:11.000Z","LINK",15.5521,"SELL","N/A","N/A","N/A","N/A","N/A"
"Unmatched (User only)","No matching transaction found in exchange file","USR-301","2024-06-21T17:16:27.000Z","SOL",5.7003,"SELL","N/A","N/A","N/A","N/A","N/A"
"Unmatched (User only)","No matching transaction found in exchange file","USR-017","2024-06-21T22:18:33.000Z","BTC",1.63427,"BUY","N/A","N/A","N/A","N/A","N/A"
"Unmatched (User only)","No matching transaction found in exchange file","USR-219","2024-06-23T04:00:01.000Z","DOT",38.3088,"SELL","N/A","N/A","N/A","N/A","N/A"
"Unmatched (User only)","No matching transaction found in exchange file","USR-163","2024-06-24T01:57:02.000Z","SOL",3.0958,"SELL","N/A","N/A","N/A","N/A","N/A"
"Unmatched (User only)","No matching transaction found in exchange file","USR-170","2024-06-24T05:59:40.000Z","AVAX",39.0706,"SELL","N/A","N/A","N/A","N/A","N/A"
"Unmatched (User only)","No matching transaction found in exchange file","USR-158","2024-06-24T10:05:55.000Z","DOT",35.0656,"SELL","N/A","N/A","N/A","N/A","N/A"
"Unmatched (User only)","No matching transaction found in exchange file","USR-269","2024-06-24T19:07:52.000Z","LINK",45.1934,"EARN","N/A","N/A","N/A","N/A","N/A"
"Unmatched (User only)","No matching transaction found in exchange file","USR-052","2024-06-25T05:49:40.000Z","ADA",1404.3,"AIRDROP","N/A","N/A","N/A","N/A","N/A"
"Unmatched (User only)","No matching transaction found in exchange file","USR-383","2024-06-26T12:56:54.000Z","BTC",0.12585,"TRANSFER_IN","N/A","N/A","N/A","N/A","N/A"
"Unmatched (User only)","No matching transaction found in exchange file","USR-090","2024-06-28T12:18:11.000Z","ETH",11.9969,"BUY","N/A","N/A","N/A","N/A","N/A"
"Unmatched (User only)","No matching transaction found in exchange file","USR-188","2024-06-29T10:51:08.000Z","ADA",1742.47,"BUY","N/A","N/A","N/A","N/A","N/A"
"Unmatched (User only)","No matching transaction found in exchange file","USR-413","2024-06-29T11:33:44.000Z","UNI",37.3896,"TRANSFER_OUT","N/A","N/A","N/A","N/A","N/A"
"Unmatched (User only)","No matching transaction found in exchange file","USR-024","2024-06-29T16:22:43.000Z","ETH",9.6686,"SELL","N/A","N/A","N/A","N/A","N/A"
"Unmatched (User only)","No matching transaction found in exchange file","USR-414","2024-06-29T16:33:01.000Z","DOT",9.3288,"TRANSFER_OUT","N/A","N/A","N/A","N/A","N/A"
"Unmatched (User only)","No matching transaction found in exchange file","USR-339","2024-06-29T22:31:14.000Z","ETH",10.9721,"TRANSFER_IN","N/A","N/A","N/A","N/A","N/A"
"Unmatched (User only)","No matching transaction found in exchange file","USR-314","2024-07-01T05:38:52.000Z","AVAX",28.4327,"AIRDROP","N/A","N/A","N/A","N/A","N/A"
"Unmatched (User only)","No matching transaction found in exchange file","USR-259","2024-07-01T10:11:32.000Z","BTC",1.72067,"BUY","N/A","N/A","N/A","N/A","N/A"
"Unmatched (User only)","No matching transaction found in exchange file","USR-310","2024-07-02T04:34:24.000Z","ETH",13.3847,"BUY","N/A","N/A","N/A","N/A","N/A"
"Unmatched (User only)","No matching transaction found in exchange file","USR-160","2024-07-03T01:33:30.000Z","DOT",42.8298,"BUY","N/A","N/A","N/A","N/A","N/A"
"Unmatched (User only)","No matching transaction found in exchange file","USR-426","2024-07-03T10:06:50.000Z","LINK",47.61,"SWAP","N/A","N/A","N/A","N/A","N/A"
"Unmatched (User only)","No matching transaction found in exchange file","USR-231","2024-07-04T04:17:12.000Z","DOT",14.5602,"BUY","N/A","N/A","N/A","N/A","N/A"
"Unmatched (User only)","No matching transaction found in exchange file","USR-317","2024-07-05T06:21:38.000Z","MATIC",2293.75,"SWAP","N/A","N/A","N/A","N/A","N/A"
"Unmatched (User only)","No matching transaction found in exchange file","USR-030","2024-07-06T19:51:20.000Z","BTC",2.11103,"TRANSFER_OUT","N/A","N/A","N/A","N/A","N/A"
"Unmatched (User only)","No matching transaction found in exchange file","USR-348","2024-07-07T16:46:05.000Z","AVAX",18.5514,"BUY","N/A","N/A","N/A","N/A","N/A"
"Unmatched (User only)","No matching transaction found in exchange file","USR-200","2024-07-07T20:20:37.000Z","MATIC",3635.78,"TRANSFER_IN","N/A","N/A","N/A","N/A","N/A"
"Unmatched (User only)","No matching transaction found in exchange file","USR-096","2024-07-08T11:54:08.000Z","MATIC",4395.53,"SELL","N/A","N/A","N/A","N/A","N/A"
"Unmatched (User only)","No matching transaction found in exchange file","USR-492","2024-07-08T16:24:33.000Z","AVAX",21.591,"TRANSFER_OUT","N/A","N/A","N/A","N/A","N/A"
"Unmatched (User only)","No matching transaction found in exchange file","USR-381","2024-07-09T05:49:44.000Z","ADA",4627.84,"TRANSFER_OUT","N/A","N/A","N/A","N/A","N/A"
"Unmatched (User only)","No matching transaction found in exchange file","USR-152","2024-07-09T23:38:14.000Z","MATIC",3122.3,"SWAP","N/A","N/A","N/A","N/A","N/A"
"Unmatched (User only)","No matching transaction found in exchange file","USR-519","2024-07-12T04:15:34.000Z","ETH",12.4364,"SELL","N/A","N/A","N/A","N/A","N/A"
"Unmatched (User only)","No matching transaction found in exchange file","USR-384","2024-07-12T10:42:47.000Z","UNI",3.2915,"TRANSFER_IN","N/A","N/A","N/A","N/A","N/A"
"Unmatched (User only)","No matching transaction found in exchange file","USR-039","2024-07-12T12:51:20.000Z","UNI",22.4601,"SELL","N/A","N/A","N/A","N/A","N/A"
"Unmatched (User only)","No matching transaction found in exchange file","USR-396","2024-07-12T14:10:27.000Z","ADA",1418.31,"BUY","N/A","N/A","N/A","N/A","N/A"
"Unmatched (User only)","No matching transaction found in exchange file","USR-157","2024-07-13T01:52:24.000Z","ADA",1383.57,"SELL","N/A","N/A","N/A","N/A","N/A"
"Unmatched (User only)","No matching transaction found in exchange file","USR-003","2024-07-13T17:47:14.000Z","UNI",29.0576,"SWAP","N/A","N/A","N/A","N/A","N/A"
"Unmatched (User only)","No matching transaction found in exchange file","USR-055","2024-07-15T01:37:38.000Z","XRP",3448.73,"BUY","N/A","N/A","N/A","N/A","N/A"
"Unmatched (User only)","No matching transaction found in exchange file","USR-506","2024-07-15T08:34:52.000Z","DOT",10.566,"SELL","N/A","N/A","N/A","N/A","N/A"
"Unmatched (User only)","No matching transaction found in exchange file","USR-230","2024-07-15T09:25:06.000Z","BTC",2.49342,"BUY","N/A","N/A","N/A","N/A","N/A"
"Unmatched (User only)","No matching transaction found in exchange file","USR-036","2024-07-15T17:13:52.000Z","LINK",44.6139,"SWAP","N/A","N/A","N/A","N/A","N/A"
"Unmatched (User only)","No matching transaction found in exchange file","USR-395","2024-07-16T11:37:21.000Z","UNI",18.1589,"AIRDROP","N/A","N/A","N/A","N/A","N/A"
"Unmatched (User only)","No matching transaction found in exchange file","USR-131","2024-07-16T19:06:18.000Z","ETH",6.7045,"SWAP","N/A","N/A","N/A","N/A","N/A"
"Unmatched (User only)","No matching transaction found in exchange file","USR-328","2024-07-17T14:29:43.000Z","MATIC",4951.93,"AIRDROP","N/A","N/A","N/A","N/A","N/A"
"Unmatched (User only)","No matching transaction found in exchange file","USR-019","2024-07-18T01:18:56.000Z","ETH",4.057,"SELL","N/A","N/A","N/A","N/A","N/A"
"Unmatched (User only)","No matching transaction found in exchange file","USR-053","2024-07-18T07:55:55.000Z","SOL",20.696,"TRANSFER_OUT","N/A","N/A","N/A","N/A","N/A"
"Unmatched (User only)","No matching transaction found in exchange file","USR-114","2024-07-20T00:26:24.000Z","BTC",0.36802,"TRANSFER_IN","N/A","N/A","N/A","N/A","N/A"
"Unmatched (User only)","No matching transaction found in exchange file","USR-108","2024-07-20T00:38:50.000Z","MATIC",2959.01,"TRANSFER_IN","N/A","N/A","N/A","N/A","N/A"
"Unmatched (User only)","No matching transaction found in exchange file","USR-161","2024-07-20T03:51:15.000Z","SOL",21.1339,"TRANSFER_OUT","N/A","N/A","N/A","N/A","N/A"
"Unmatched (User only)","No matching transaction found in exchange file","USR-193","2024-07-21T16:23:04.000Z","XRP",4684.27,"SELL","N/A","N/A","N/A","N/A","N/A"
"Unmatched (User only)","No matching transaction found in exchange file","USR-069","2024-07-23T10:02:13.000Z","XRP",2478.23,"SWAP","N/A","N/A","N/A","N/A","N/A"
"Unmatched (User only)","No matching transaction found in exchange file","USR-153","2024-07-23T13:12:34.000Z","LINK",14.0853,"BUY","N/A","N/A","N/A","N/A","N/A"
"Unmatched (User only)","No matching transaction found in exchange file","USR-285","2024-07-24T01:29:15.000Z","XRP",2380.54,"SELL","N/A","N/A","N/A","N/A","N/A"
"Unmatched (User only)","No matching transaction found in exchange file","USR-394","2024-07-25T06:48:46.000Z","XRP",1771.88,"SWAP","N/A","N/A","N/A","N/A","N/A"
"Unmatched (User only)","No matching transaction found in exchange file","USR-354","2024-07-25T07:19:12.000Z","DOT",0.692,"BUY","N/A","N/A","N/A","N/A","N/A"
"Unmatched (User only)","No matching transaction found in exchange file","USR-415","2024-07-25T13:32:10.000Z","BTC",0.17768,"TRANSFER_OUT","N/A","N/A","N/A","N/A","N/A"
"Unmatched (User only)","No matching transaction found in exchange file","USR-410","2024-07-25T15:24:47.000Z","BTC",1.83396,"AIRDROP","N/A","N/A","N/A","N/A","N/A"
"Unmatched (User only)","No matching transaction found in exchange file","USR-216","2024-07-26T17:18:47.000Z","SOL",39.6438,"SWAP","N/A","N/A","N/A","N/A","N/A"
"Unmatched (User only)","No matching transaction found in exchange file","USR-341","2024-07-27T03:52:17.000Z","UNI",15.6937,"TRANSFER_IN","N/A","N/A","N/A","N/A","N/A"
"Unmatched (User only)","No matching transaction found in exchange file","USR-372","2024-07-27T06:23:44.000Z","DOT",47.7124,"BUY","N/A","N/A","N/A","N/A","N/A"
"Unmatched (User only)","No matching transaction found in exchange file","USR-070","2024-07-27T22:32:16.000Z","SOL",26.0783,"BUY","N/A","N/A","N/A","N/A","N/A"
"Unmatched (User only)","No matching transaction found in exchange file","USR-087","2024-07-27T23:37:11.000Z","LINK",7.1546,"SELL","N/A","N/A","N/A","N/A","N/A"
"Unmatched (User only)","No matching transaction found in exchange file","USR-266","2024-07-28T06:18:13.000Z","ETH",12.4069,"BUY","N/A","N/A","N/A","N/A","N/A"
"Unmatched (User only)","No matching transaction found in exchange file","USR-493","2024-07-28T20:30:05.000Z","UNI",33.7837,"TRANSFER_OUT","N/A","N/A","N/A","N/A","N/A"
"Unmatched (User only)","No matching transaction found in exchange file","USR-371","2024-07-29T03:21:52.000Z","AVAX",23.9592,"SELL","N/A","N/A","N/A","N/A","N/A"
"Unmatched (User only)","No matching transaction found in exchange file","USR-203","2024-07-29T17:08:00.000Z","SOL",3.5369,"SWAP","N/A","N/A","N/A","N/A","N/A"
"Unmatched (User only)","No matching transaction found in exchange file","USR-321","2024-07-30T20:21:30.000Z","UNI",21.6143,"BUY","N/A","N/A","N/A","N/A","N/A"
"Unmatched (User only)","No matching transaction found in exchange file","USR-044","2024-08-01T01:50:46.000Z","ETH",3.334,"SELL","N/A","N/A","N/A","N/A","N/A"
"Unmatched (User only)","No matching transaction found in exchange file","USR-139","2024-08-01T19:34:29.000Z","LINK",0.8668,"TRANSFER_IN","N/A","N/A","N/A","N/A","N/A"
"Unmatched (User only)","No matching transaction found in exchange file","USR-099","2024-08-02T14:13:43.000Z","BTC",1.44767,"SELL","N/A","N/A","N/A","N/A","N/A"
"Unmatched (User only)","No matching transaction found in exchange file","USR-128","2024-08-02T18:59:27.000Z","UNI",13.8505,"SELL","N/A","N/A","N/A","N/A","N/A"
"Unmatched (User only)","No matching transaction found in exchange file","USR-249","2024-08-03T21:24:34.000Z","XRP",4399.45,"SWAP","N/A","N/A","N/A","N/A","N/A"
"Unmatched (User only)","No matching transaction found in exchange file","USR-296","2024-08-03T23:37:35.000Z","LINK",15.0373,"TRANSFER_OUT","N/A","N/A","N/A","N/A","N/A"
"Unmatched (User only)","No matching transaction found in exchange file","USR-514","2024-08-05T18:56:50.000Z","ETH",0.4253,"SELL","N/A","N/A","N/A","N/A","N/A"
"Unmatched (User only)","No matching transaction found in exchange file","USR-246","2024-08-06T02:59:11.000Z","UNI",26.6249,"BUY","N/A","N/A","N/A","N/A","N/A"
"Unmatched (User only)","No matching transaction found in exchange file","USR-288","2024-08-06T21:07:55.000Z","LINK",28.7996,"BUY","N/A","N/A","N/A","N/A","N/A"
"Unmatched (User only)","No matching transaction found in exchange file","USR-218","2024-08-07T01:53:20.000Z","DOT",38.2328,"SWAP","N/A","N/A","N/A","N/A","N/A"
"Unmatched (User only)","No matching transaction found in exchange file","USR-201","2024-08-08T11:02:34.000Z","LINK",14.8063,"TRANSFER_OUT","N/A","N/A","N/A","N/A","N/A"
"Unmatched (User only)","No matching transaction found in exchange file","USR-499","2024-08-08T23:36:15.000Z","MATIC",890.41,"BUY","N/A","N/A","N/A","N/A","N/A"
"Unmatched (User only)","No matching transaction found in exchange file","USR-056","2024-08-09T23:44:00.000Z","MATIC",3566.25,"SELL","N/A","N/A","N/A","N/A","N/A"
"Unmatched (User only)","No matching transaction found in exchange file","USR-282","2024-08-10T15:03:37.000Z","Ethereum",14.9061,"BUY","N/A","N/A","N/A","N/A","N/A"
"Unmatched (User only)","No matching transaction found in exchange file","USR-309","2024-08-11T07:50:27.000Z","LINK",15.9924,"SELL","N/A","N/A","N/A","N/A","N/A"
"Unmatched (User only)","No matching transaction found in exchange file","USR-322","2024-08-11T08:49:21.000Z","SOL",33.1644,"TRANSFER_OUT","N/A","N/A","N/A","N/A","N/A"
"Unmatched (User only)","No matching transaction found in exchange file","USR-225","2024-08-12T03:52:32.000Z","SOL",24.465,"TRANSFER_OUT","N/A","N/A","N/A","N/A","N/A"
"Unmatched (User only)","No matching transaction found in exchange file","USR-125","2024-08-12T20:13:50.000Z","ETH",13.1527,"BUY","N/A","N/A","N/A","N/A","N/A"
"Unmatched (User only)","No matching transaction found in exchange file","USR-091","2024-08-13T20:32:37.000Z","ETH",1.0198,"TRANSFER_IN","N/A","N/A","N/A","N/A","N/A"
"Unmatched (User only)","No matching transaction found in exchange file","USR-454","2024-08-14T00:55:31.000Z","ETH",7.4008,"BUY","N/A","N/A","N/A","N/A","N/A"
"Unmatched (User only)","No matching transaction found in exchange file","USR-401","2024-08-15T14:27:18.000Z","DOT",43.5073,"BUY","N/A","N/A","N/A","N/A","N/A"
"Unmatched (User only)","No matching transaction found in exchange file","USR-319","2024-08-17T17:11:38.000Z","ETH",9.7453,"SELL","N/A","N/A","N/A","N/A","N/A"
"Unmatched (User only)","No matching transaction found in exchange file","USR-112","2024-08-17T19:34:13.000Z","MATIC",3615.27,"BUY","N/A","N/A","N/A","N/A","N/A"
"Unmatched (User only)","No matching transaction found in exchange file","USR-377","2024-08-18T15:39:07.000Z","ADA",742.72,"TRANSFER_IN","N/A","N/A","N/A","N/A","N/A"
"Unmatched (User only)","No matching transaction found in exchange file","USR-468","2024-08-18T17:48:09.000Z","AVAX",37.891,"BUY","N/A","N/A","N/A","N/A","N/A"
"Unmatched (User only)","No matching transaction found in exchange file","USR-349","2024-08-19T15:52:23.000Z","LINK",43.1145,"BUY","N/A","N/A","N/A","N/A","N/A"
"Unmatched (User only)","No matching transaction found in exchange file","USR-196","2024-08-19T22:06:04.000Z","BTC",1.45311,"TRANSFER_OUT","N/A","N/A","N/A","N/A","N/A"
"Unmatched (User only)","No matching transaction found in exchange file","USR-258","2024-08-19T23:29:04.000Z","UNI",13.4164,"AIRDROP","N/A","N/A","N/A","N/A","N/A"
"Unmatched (User only)","No matching transaction found in exchange file","USR-279","2024-08-21T10:21:25.000Z","AVAX",22.7416,"TRANSFER_IN","N/A","N/A","N/A","N/A","N/A"
"Unmatched (User only)","No matching transaction found in exchange file","USR-116","2024-08-21T17:13:21.000Z","UNI",49.6395,"BUY","N/A","N/A","N/A","N/A","N/A"
"Unmatched (User only)","No matching transaction found in exchange file","USR-355","2024-08-25T11:08:16.000Z","BTC",1.3287,"TRANSFER_IN","N/A","N/A","N/A","N/A","N/A"
"Unmatched (User only)","No matching transaction found in exchange file","USR-392","2024-08-25T11:37:35.000Z","SOL",32.0273,"BUY","N/A","N/A","N/A","N/A","N/A"
"Unmatched (User only)","No matching transaction found in exchange file","USR-031","2024-08-25T19:16:24.000Z","AVAX",9.1449,"TRANSFER_OUT","N/A","N/A","N/A","N/A","N/A"
"Unmatched (User only)","No matching transaction found in exchange file","USR-405","2024-08-25T20:51:17.000Z","ADA",4437.72,"TRANSFER_OUT","N/A","N/A","N/A","N/A","N/A"
"Unmatched (User only)","No matching transaction found in exchange file","USR-268","2024-08-26T11:49:32.000Z","XRP",3879.7,"SELL","N/A","N/A","N/A","N/A","N/A"
"Unmatched (User only)","No matching transaction found in exchange file","USR-134","2024-08-26T19:34:26.000Z","MATIC",446.2,"BUY","N/A","N/A","N/A","N/A","N/A"
"Unmatched (User only)","No matching transaction found in exchange file","USR-068","2024-08-27T10:53:19.000Z","BTC",0.80725,"EARN","N/A","N/A","N/A","N/A","N/A"
"Unmatched (User only)","No matching transaction found in exchange file","USR-312","2024-08-27T17:28:31.000Z","UNI",31.5106,"TRANSFER_IN","N/A","N/A","N/A","N/A","N/A"
"Unmatched (User only)","No matching transaction found in exchange file","USR-092","2024-08-28T23:18:20.000Z","MATIC",1817.83,"SELL","N/A","N/A","N/A","N/A","N/A"
"Unmatched (User only)","No matching transaction found in exchange file","USR-016","2024-08-30T09:02:13.000Z","DOT",43.8396,"TRANSFER_OUT","N/A","N/A","N/A","N/A","N/A"
"Unmatched (User only)","No matching transaction found in exchange file","USR-335","2024-08-30T10:05:48.000Z","AVAX",44.6898,"TRANSFER_OUT","N/A","N/A","N/A","N/A","N/A"
"Unmatched (User only)","No matching transaction found in exchange file","USR-298","2024-08-31T16:30:15.000Z","XRP",4211.66,"REFERRAL_BONUS","N/A","N/A","N/A","N/A","N/A"
"Unmatched (User only)","No matching transaction found in exchange file","USR-077","2024-08-31T20:26:23.000Z","SOL",48.5843,"REFERRAL_BONUS","N/A","N/A","N/A","N/A","N/A"
"Unmatched (User only)","No matching transaction found in exchange file","USR-393","2024-08-31T22:50:59.000Z","UNI",9.082,"TRANSFER_OUT","N/A","N/A","N/A","N/A","N/A"
"Unmatched (User only)","No matching transaction found in exchange file","USR-508","2024-09-01T04:55:46.000Z","LINK",22.7161,"BUY","N/A","N/A","N/A","N/A","N/A"
"Unmatched (User only)","No matching transaction found in exchange file","USR-344","2024-09-01T18:30:05.000Z","XRP",3648.51,"EARN","N/A","N/A","N/A","N/A","N/A"
"Unmatched (User only)","No matching transaction found in exchange file","USR-373","2024-09-02T22:12:25.000Z","MATIC",1700.53,"EARN","N/A","N/A","N/A","N/A","N/A"
"Unmatched (User only)","No matching transaction found in exchange file","USR-512","2024-09-03T13:37:56.000Z","XRP",4228.4,"TRANSFER_OUT","N/A","N/A","N/A","N/A","N/A"
"Unmatched (User only)","No matching transaction found in exchange file","USR-363","2024-09-05T10:51:57.000Z","ETH",3.8075,"REFERRAL_BONUS","N/A","N/A","N/A","N/A","N/A"
"Unmatched (User only)","No matching transaction found in exchange file","USR-135","2024-09-06T00:56:51.000Z","XRP",3572.45,"TRANSFER_IN","N/A","N/A","N/A","N/A","N/A"
"Unmatched (User only)","No matching transaction found in exchange file","USR-334","2024-09-06T19:08:15.000Z","AVAX",32.9305,"BUY","N/A","N/A","N/A","N/A","N/A"
"Unmatched (User only)","No matching transaction found in exchange file","USR-169","2024-09-07T17:31:13.000Z","ADA",1601.74,"BUY","N/A","N/A","N/A","N/A","N/A"
"Unmatched (User only)","No matching transaction found in exchange file","USR-453","2024-09-07T18:50:22.000Z","XRP",2114.93,"TRANSFER_IN","N/A","N/A","N/A","N/A","N/A"
"Unmatched (User only)","No matching transaction found in exchange file","USR-418","2024-09-09T02:24:25.000Z","DOT",18.343,"BUY","N/A","N/A","N/A","N/A","N/A"
"Unmatched (User only)","No matching transaction found in exchange file","USR-333","2024-09-09T04:25:32.000Z","XRP",4987.41,"SELL","N/A","N/A","N/A","N/A","N/A"
"Unmatched (User only)","No matching transaction found in exchange file","USR-015","2024-09-10T00:28:32.000Z","UNI",25.2812,"TRANSFER_OUT","N/A","N/A","N/A","N/A","N/A"
"Unmatched (User only)","No matching transaction found in exchange file","USR-233","2024-09-10T16:23:45.000Z","SOL",24.098,"TRANSFER_OUT","N/A","N/A","N/A","N/A","N/A"
"Unmatched (User only)","No matching transaction found in exchange file","USR-452","2024-09-11T06:58:42.000Z","XRP",1535.84,"BUY","N/A","N/A","N/A","N/A","N/A"
"Unmatched (User only)","No matching transaction found in exchange file","USR-428","2024-09-12T01:07:51.000Z","LINK",32.2691,"TRANSFER_OUT","N/A","N/A","N/A","N/A","N/A"
"Unmatched (User only)","No matching transaction found in exchange file","USR-254","2024-09-12T05:31:23.000Z","LINK",45.4872,"BUY","N/A","N/A","N/A","N/A","N/A"
"Unmatched (User only)","No matching transaction found in exchange file","USR-208","2024-09-12T21:16:14.000Z","ADA",579.92,"SWAP","N/A","N/A","N/A","N/A","N/A"
"Unmatched (User only)","No matching transaction found in exchange file","USR-375","2024-09-13T23:29:17.000Z","ADA",924.26,"TRANSFER_OUT","N/A","N/A","N/A","N/A","N/A"
"Unmatched (User only)","No matching transaction found in exchange file","USR-111","2024-09-14T02:59:18.000Z","XRP",1097.01,"SELL","N/A","N/A","N/A","N/A","N/A"
"Unmatched (User only)","No matching transaction found in exchange file","USR-034","2024-09-14T08:36:52.000Z","MATIC",2619.54,"SELL","N/A","N/A","N/A","N/A","N/A"
"Unmatched (User only)","No matching transaction found in exchange file","USR-026","2024-09-14T23:55:01.000Z","ETH",13.3555,"TRANSFER_OUT","N/A","N/A","N/A","N/A","N/A"
"Unmatched (User only)","No matching transaction found in exchange file","USR-480","2024-09-18T09:23:02.000Z","AVAX",46.9602,"SWAP","N/A","N/A","N/A","N/A","N/A"
"Unmatched (User only)","No matching transaction found in exchange file","USR-145","2024-09-20T06:17:10.000Z","BTC",0.64529,"TRANSFER_IN","N/A","N/A","N/A","N/A","N/A"
"Unmatched (User only)","No matching transaction found in exchange file","USR-422","2024-09-20T19:17:29.000Z","AVAX",24.3627,"SELL","N/A","N/A","N/A","N/A","N/A"
"Unmatched (User only)","No matching transaction found in exchange file","USR-340","2024-09-23T01:01:55.000Z","LINK",44.5068,"SELL","N/A","N/A","N/A","N/A","N/A"
"Unmatched (User only)","No matching transaction found in exchange file","USR-119","2024-09-23T03:46:13.000Z","SOL",5.5176,"SELL","N/A","N/A","N/A","N/A","N/A"
"Unmatched (User only)","No matching transaction found in exchange file","USR-079","2024-09-23T19:23:21.000Z","DOT",32.3634,"TRANSFER_OUT","N/A","N/A","N/A","N/A","N/A"
"Unmatched (User only)","No matching transaction found in exchange file","USR-251","2024-09-23T23:51:39.000Z","LINK",48.0342,"TRANSFER_OUT","N/A","N/A","N/A","N/A","N/A"
"Unmatched (User only)","No matching transaction found in exchange file","USR-478","2024-09-24T04:44:16.000Z","MATIC",2493.88,"BUY","N/A","N/A","N/A","N/A","N/A"
"Unmatched (User only)","No matching transaction found in exchange file","USR-155","2024-09-25T00:54:28.000Z","SOL",22.9141,"SWAP","N/A","N/A","N/A","N/A","N/A"
"Unmatched (User only)","No matching transaction found in exchange file","USR-462","2024-09-25T05:01:48.000Z","LINK",11.1336,"BUY","N/A","N/A","N/A","N/A","N/A"
"Unmatched (User only)","No matching transaction found in exchange file","USR-291","2024-09-25T08:25:30.000Z","MATIC",1780.77,"SELL","N/A","N/A","N/A","N/A","N/A"
"Unmatched (User only)","No matching transaction found in exchange file","USR-501","2024-09-25T16:19:07.000Z","MATIC",2884.07,"TRANSFER_IN","N/A","N/A","N/A","N/A","N/A"
"Unmatched (User only)","No matching transaction found in exchange file","USR-391","2024-09-26T06:14:50.000Z","XRP",2110.3,"TRANSFER_IN","N/A","N/A","N/A","N/A","N/A"
"Unmatched (User only)","No matching transaction found in exchange file","USR-093","2024-09-26T16:29:53.000Z","ADA",1623.04,"BUY","N/A","N/A","N/A","N/A","N/A"
"Unmatched (User only)","No matching transaction found in exchange file","USR-010","2024-09-26T17:07:08.000Z","ADA",138.68,"SWAP","N/A","N/A","N/A","N/A","N/A"
"Unmatched (User only)","No matching transaction found in exchange file","USR-343","2024-09-27T07:20:46.000Z","MATIC",4804.88,"BUY","N/A","N/A","N/A","N/A","N/A"
"Unmatched (User only)","No matching transaction found in exchange file","USR-229","2024-09-28T08:40:30.000Z","LINK",2.155,"BUY","N/A","N/A","N/A","N/A","N/A"
"Unmatched (User only)","No matching transaction found in exchange file","USR-185","2024-09-29T09:52:40.000Z","ETH",4.351,"BUY","N/A","N/A","N/A","N/A","N/A"
"Unmatched (User only)","No matching transaction found in exchange file","USR-382","2024-09-29T17:33:36.000Z","AVAX",45.3682,"TRANSFER_IN","N/A","N/A","N/A","N/A","N/A"
"Unmatched (User only)","No matching transaction found in exchange file","USR-106","2024-09-30T16:17:50.000Z","AVAX",44.0894,"SELL","N/A","N/A","N/A","N/A","N/A"
"Unmatched (User only)","No matching transaction found in exchange file","USR-311","2024-10-01T01:04:16.000Z","BTC",0.13545,"EARN","N/A","N/A","N/A","N/A","N/A"
"Unmatched (User only)","No matching transaction found in exchange file","USR-299","2024-10-01T06:33:26.000Z","SOL",28.592,"SELL","N/A","N/A","N/A","N/A","N/A"
"Unmatched (User only)","No matching transaction found in exchange file","USR-390","2024-10-01T20:18:21.000Z","BTC",0.20273,"TRANSFER_OUT","N/A","N/A","N/A","N/A","N/A"
"Unmatched (User only)","No matching transaction found in exchange file","USR-273","2024-10-02T01:19:09.000Z","ETH",6.7465,"TRANSFER_OUT","N/A","N/A","N/A","N/A","N/A"
"Unmatched (User only)","No matching transaction found in exchange file","USR-067","2024-10-02T23:47:01.000Z","SOL",8.1303,"SELL","N/A","N/A","N/A","N/A","N/A"
"Unmatched (User only)","No matching transaction found in exchange file","USR-043","2024-10-05T09:47:50.000Z","AVAX",16.6654,"BUY","N/A","N/A","N/A","N/A","N/A"
"Unmatched (User only)","No matching transaction found in exchange file","USR-327","2024-10-06T03:17:56.000Z","MATIC",1533.69,"BUY","N/A","N/A","N/A","N/A","N/A"
"Unmatched (User only)","No matching transaction found in exchange file","USR-209","2024-10-06T03:48:07.000Z","UNI",35.0956,"SELL","N/A","N/A","N/A","N/A","N/A"
"Unmatched (User only)","No matching transaction found in exchange file","USR-272","2024-10-06T08:44:15.000Z","XRP",1654.17,"SELL","N/A","N/A","N/A","N/A","N/A"
"Unmatched (User only)","No matching transaction found in exchange file","USR-477","2024-10-07T19:48:02.000Z","LINK",6.882,"SELL","N/A","N/A","N/A","N/A","N/A"
"Unmatched (User only)","No matching transaction found in exchange file","USR-516","2024-10-07T22:56:44.000Z","XRP",3958.87,"BUY","N/A","N/A","N/A","N/A","N/A"
"Unmatched (User only)","No matching transaction found in exchange file","USR-033","2024-10-08T11:03:30.000Z","MATIC",111.18,"BUY","N/A","N/A","N/A","N/A","N/A"
"Unmatched (User only)","No matching transaction found in exchange file","USR-483","2024-10-09T00:21:30.000Z","UNI",42.2171,"BUY","N/A","N/A","N/A","N/A","N/A"
"Unmatched (User only)","No matching transaction found in exchange file","USR-510","2024-10-09T13:32:35.000Z","LINK",40.4658,"SELL","N/A","N/A","N/A","N/A","N/A"
"Unmatched (User only)","No matching transaction found in exchange file","USR-368","2024-10-09T22:12:44.000Z","XRP",561.27,"EARN","N/A","N/A","N/A","N/A","N/A"
"Unmatched (User only)","No matching transaction found in exchange file","USR-446","2024-10-10T08:05:44.000Z","AVAX",14.5028,"AIRDROP","N/A","N/A","N/A","N/A","N/A"
"Unmatched (User only)","No matching transaction found in exchange file","USR-302","2024-10-11T19:50:43.000Z","AVAX",45.2573,"SELL","N/A","N/A","N/A","N/A","N/A"
"Unmatched (User only)","No matching transaction found in exchange file","USR-342","2024-10-12T08:38:50.000Z","AVAX",22.7563,"TRANSFER_OUT","N/A","N/A","N/A","N/A","N/A"
"Unmatched (User only)","No matching transaction found in exchange file","USR-357","2024-10-12T13:17:50.000Z","DOT",23.1093,"TRANSFER_IN","N/A","N/A","N/A","N/A","N/A"
"Unmatched (User only)","No matching transaction found in exchange file","USR-518","2024-10-12T14:51:12.000Z","ETH",12.5988,"SELL","N/A","N/A","N/A","N/A","N/A"
"Unmatched (User only)","No matching transaction found in exchange file","USR-103","2024-10-13T04:16:11.000Z","AVAX",8.0452,"SELL","N/A","N/A","N/A","N/A","N/A"
"Unmatched (User only)","No matching transaction found in exchange file","USR-486","2024-10-13T21:46:44.000Z","ETH",7.4641,"SELL","N/A","N/A","N/A","N/A","N/A"
"Unmatched (User only)","No matching transaction found in exchange file","USR-347","2024-10-14T08:40:25.000Z","XRP",120.3,"BUY","N/A","N/A","N/A","N/A","N/A"
"Unmatched (User only)","No matching transaction found in exchange file","USR-445","2024-10-15T08:32:19.000Z","LINK",4.4712,"AIRDROP","N/A","N/A","N/A","N/A","N/A"
"Unmatched (User only)","No matching transaction found in exchange file","USR-171","2024-10-16T06:25:14.000Z","SOL",42.7252,"SELL","N/A","N/A","N/A","N/A","N/A"
"Unmatched (User only)","No matching transaction found in exchange file","USR-399","2024-10-17T12:21:11.000Z","AVAX",29.6761,"EARN","N/A","N/A","N/A","N/A","N/A"
"Unmatched (User only)","No matching transaction found in exchange file","USR-147","2024-10-18T04:12:40.000Z","XRP",1278.88,"TRANSFER_OUT","N/A","N/A","N/A","N/A","N/A"
"Unmatched (User only)","No matching transaction found in exchange file","USR-352","2024-10-19T14:08:09.000Z","Ethereum",5.9872,"TRANSFER_IN","N/A","N/A","N/A","N/A","N/A"
"Unmatched (User only)","No matching transaction found in exchange file","USR-064","2024-10-20T15:06:50.000Z","AVAX",41.5162,"BUY","N/A","N/A","N/A","N/A","N/A"
"Unmatched (User only)","No matching transaction found in exchange file","USR-009","2024-10-21T07:19:55.000Z","LINK",10.0508,"BUY","N/A","N/A","N/A","N/A","N/A"
"Unmatched (User only)","No matching transaction found in exchange file","USR-325","2024-10-21T09:28:32.000Z","BTC",2.04277,"SELL","N/A","N/A","N/A","N/A","N/A"
"Unmatched (User only)","No matching transaction found in exchange file","USR-102","2024-10-21T10:40:19.000Z","BTC",2.12011,"SELL","N/A","N/A","N/A","N/A","N/A"
"Unmatched (User only)","No matching transaction found in exchange file","USR-374","2024-10-22T16:56:11.000Z","ETH",12.8016,"AIRDROP","N/A","N/A","N/A","N/A","N/A"
"Unmatched (User only)","No matching transaction found in exchange file","USR-420","2024-10-22T20:58:14.000Z","UNI",43.5695,"TRANSFER_IN","N/A","N/A","N/A","N/A","N/A"
"Unmatched (User only)","No matching transaction found in exchange file","USR-257","2024-10-23T11:31:32.000Z","XRP",802.19,"BUY","N/A","N/A","N/A","N/A","N/A"
"Unmatched (User only)","No matching transaction found in exchange file","USR-472","2024-10-23T18:57:00.000Z","ADA",2549.3,"TRANSFER_OUT","N/A","N/A","N/A","N/A","N/A"
"Unmatched (User only)","No matching transaction found in exchange file","USR-007","2024-10-24T06:30:17.000Z","BTC",0.52425,"TRANSFER_IN","N/A","N/A","N/A","N/A","N/A"
"Unmatched (User only)","No matching transaction found in exchange file","USR-458","2024-10-24T08:25:17.000Z","LINK",31.9834,"BUY","N/A","N/A","N/A","N/A","N/A"
"Unmatched (User only)","No matching transaction found in exchange file","USR-124","2024-10-24T19:19:20.000Z","UNI",4.9761,"TRANSFER_IN","N/A","N/A","N/A","N/A","N/A"
"Unmatched (User only)","No matching transaction found in exchange file","USR-485","2024-10-25T15:16:28.000Z","UNI",47.5119,"SELL","N/A","N/A","N/A","N/A","N/A"
"Unmatched (User only)","No matching transaction found in exchange file","USR-274","2024-10-25T17:42:18.000Z","LINK",30.6424,"SELL","N/A","N/A","N/A","N/A","N/A"
"Unmatched (User only)","No matching transaction found in exchange file","USR-350","2024-10-26T13:20:53.000Z","SOL",41.8969,"EARN","N/A","N/A","N/A","N/A","N/A"
"Unmatched (User only)","No matching transaction found in exchange file","USR-232","2024-10-27T21:34:22.000Z","BTC",0.65713,"TRANSFER_IN","N/A","N/A","N/A","N/A","N/A"
"Unmatched (User only)","No matching transaction found in exchange file","USR-166","2024-10-28T06:08:27.000Z","XRP",1807.79,"AIRDROP","N/A","N/A","N/A","N/A","N/A"
"Unmatched (User only)","No matching transaction found in exchange file","USR-150","2024-10-29T21:13:58.000Z","ADA",1053.69,"BUY","N/A","N/A","N/A","N/A","N/A"
"Unmatched (User only)","No matching transaction found in exchange file","USR-023","2024-10-30T02:42:39.000Z","ETH",12.5301,"BUY","N/A","N/A","N/A","N/A","N/A"
"Unmatched (User only)","No matching transaction found in exchange file","USR-226","2024-10-30T08:15:47.000Z","ETH",4.5129,"SWAP","N/A","N/A","N/A","N/A","N/A"
"Unmatched (User only)","No matching transaction found in exchange file","USR-471","2024-10-30T14:36:12.000Z","XRP",4746.52,"BUY","N/A","N/A","N/A","N/A","N/A"
"Unmatched (User only)","No matching transaction found in exchange file","USR-469","2024-10-31T05:13:28.000Z","ETH",0.6588,"BUY","N/A","N/A","N/A","N/A","N/A"
"Unmatched (User only)","No matching transaction found in exchange file","USR-136","2024-10-31T20:01:53.000Z","BTC",1.64255,"SELL","N/A","N/A","N/A","N/A","N/A"
"Unmatched (User only)","No matching transaction found in exchange file","USR-265","2024-11-01T23:37:29.000Z","UNI",29.7309,"TRANSFER_IN","N/A","N/A","N/A","N/A","N/A"
"Unmatched (User only)","No matching transaction found in exchange file","USR-001","2024-11-02T10:32:06.000Z","ETH",3.3577,"EARN","N/A","N/A","N/A","N/A","N/A"
"Unmatched (User only)","No matching transaction found in exchange file","USR-062","2024-11-02T10:43:54.000Z","XRP",3480.03,"BUY","N/A","N/A","N/A","N/A","N/A"
"Unmatched (User only)","No matching transaction found in exchange file","USR-316","2024-11-02T16:57:01.000Z","UNI",12.9768,"BUY","N/A","N/A","N/A","N/A","N/A"
"Unmatched (User only)","No matching transaction found in exchange file","USR-430","2024-11-02T21:30:29.000Z","AVAX",15.2737,"SELL","N/A","N/A","N/A","N/A","N/A"
"Unmatched (User only)","No matching transaction found in exchange file","USR-451","2024-11-03T15:42:02.000Z","AVAX",28.0081,"TRANSFER_IN","N/A","N/A","N/A","N/A","N/A"
"Unmatched (User only)","No matching transaction found in exchange file","USR-109","2024-11-04T05:06:10.000Z","ADA",2606.04,"BUY","N/A","N/A","N/A","N/A","N/A"
"Unmatched (User only)","No matching transaction found in exchange file","USR-488","2024-11-04T05:47:32.000Z","UNI",4.907,"BUY","N/A","N/A","N/A","N/A","N/A"
"Unmatched (User only)","No matching transaction found in exchange file","USR-080","2024-11-04T19:37:06.000Z","AVAX",35.8717,"BUY","N/A","N/A","N/A","N/A","N/A"
"Unmatched (User only)","No matching transaction found in exchange file","USR-416","2024-11-04T22:04:43.000Z","DOT",37.6691,"BUY","N/A","N/A","N/A","N/A","N/A"
"Unmatched (User only)","No matching transaction found in exchange file","USR-438","2024-11-06T21:35:24.000Z","XRP",4849.55,"SELL","N/A","N/A","N/A","N/A","N/A"
"Unmatched (User only)","No matching transaction found in exchange file","USR-210","2024-11-07T11:02:49.000Z","ADA",3295.96,"BUY","N/A","N/A","N/A","N/A","N/A"
"Unmatched (User only)","No matching transaction found in exchange file","USR-505","2024-11-07T12:35:30.000Z","ETH",8.6771,"BUY","N/A","N/A","N/A","N/A","N/A"
"Unmatched (User only)","No matching transaction found in exchange file","USR-075","2024-11-08T03:47:39.000Z","XRP",172.29,"BUY","N/A","N/A","N/A","N/A","N/A"
"Unmatched (User only)","No matching transaction found in exchange file","USR-142","2024-11-08T04:57:50.000Z","LINK",5.4126,"BUY","N/A","N/A","N/A","N/A","N/A"
"Unmatched (User only)","No matching transaction found in exchange file","USR-362","2024-11-08T07:22:01.000Z","UNI",6.5824,"BUY","N/A","N/A","N/A","N/A","N/A"
"Unmatched (User only)","No matching transaction found in exchange file","USR-159","2024-11-08T15:38:22.000Z","SOL",48.9657,"BUY","N/A","N/A","N/A","N/A","N/A"
"Unmatched (User only)","No matching transaction found in exchange file","USR-504","2024-11-08T20:26:37.000Z","ADA",1472.41,"SWAP","N/A","N/A","N/A","N/A","N/A"
"Unmatched (User only)","No matching transaction found in exchange file","USR-520","2024-11-09T07:59:17.000Z","ADA",3019.12,"SWAP","N/A","N/A","N/A","N/A","N/A"
"Unmatched (User only)","No matching transaction found in exchange file","USR-379","2024-11-09T19:45:06.000Z","BTC",0.84496,"SWAP","N/A","N/A","N/A","N/A","N/A"
"Unmatched (User only)","No matching transaction found in exchange file","USR-183","2024-11-10T00:08:38.000Z","XRP",442.09,"SELL","N/A","N/A","N/A","N/A","N/A"
"Unmatched (User only)","No matching transaction found in exchange file","USR-365","2024-11-12T00:51:11.000Z","ETH",0.9452,"BUY","N/A","N/A","N/A","N/A","N/A"
"Unmatched (User only)","No matching transaction found in exchange file","USR-042","2024-11-13T12:09:29.000Z","AVAX",47.5227,"TRANSFER_IN","N/A","N/A","N/A","N/A","N/A"
"Unmatched (User only)","No matching transaction found in exchange file","USR-190","2024-11-13T18:19:43.000Z","ETH",2.7322,"TRANSFER_OUT","N/A","N/A","N/A","N/A","N/A"
"Unmatched (User only)","No matching transaction found in exchange file","USR-205","2024-11-14T11:05:48.000Z","UNI",12.0154,"SELL","N/A","N/A","N/A","N/A","N/A"
"Unmatched (User only)","No matching transaction found in exchange file","USR-211","2024-11-15T14:50:32.000Z","MATIC",2812.2,"TRANSFER_IN","N/A","N/A","N/A","N/A","N/A"
"Unmatched (User only)","No matching transaction found in exchange file","USR-046","2024-11-16T14:24:05.000Z","ADA",978.34,"BUY","N/A","N/A","N/A","N/A","N/A"
"Unmatched (User only)","No matching transaction found in exchange file","USR-040","2024-11-17T03:01:39.000Z","BTC",1.03143,"TRANSFER_OUT","N/A","N/A","N/A","N/A","N/A"
"Unmatched (User only)","No matching transaction found in exchange file","USR-182","2024-11-18T02:29:52.000Z","LINK",21.9116,"BUY","N/A","N/A","N/A","N/A","N/A"
"Unmatched (User only)","No matching transaction found in exchange file","USR-078","2024-11-18T05:29:50.000Z","ADA",4331.51,"BUY","N/A","N/A","N/A","N/A","N/A"
"Unmatched (User only)","No matching transaction found in exchange file","USR-293","2024-11-20T04:48:54.000Z","UNI",30.8381,"SELL","N/A","N/A","N/A","N/A","N/A"
"Unmatched (User only)","No matching transaction found in exchange file","USR-378","2024-11-20T08:46:34.000Z","DOT",3.2433,"BUY","N/A","N/A","N/A","N/A","N/A"
"Unmatched (User only)","No matching transaction found in exchange file","USR-450","2024-11-20T11:53:52.000Z","DOT",14.5442,"BUY","N/A","N/A","N/A","N/A","N/A"
"Unmatched (User only)","No matching transaction found in exchange file","USR-475","2024-11-20T13:21:38.000Z","SOL",22.0393,"TRANSFER_OUT","N/A","N/A","N/A","N/A","N/A"
"Unmatched (User only)","No matching transaction found in exchange file","USR-089","2024-11-20T13:25:07.000Z","LINK",7.2085,"TRANSFER_IN","N/A","N/A","N/A","N/A","N/A"
"Unmatched (User only)","No matching transaction found in exchange file","USR-047","2024-11-21T14:45:03.000Z","MATIC",583.44,"TRANSFER_OUT","N/A","N/A","N/A","N/A","N/A"
"Unmatched (User only)","No matching transaction found in exchange file","USR-059","2024-11-22T08:36:20.000Z","SOL",49.1783,"TRANSFER_OUT","N/A","N/A","N/A","N/A","N/A"
"Unmatched (User only)","No matching transaction found in exchange file","USR-332","2024-11-22T14:01:10.000Z","SOL",23.7961,"SELL","N/A","N/A","N/A","N/A","N/A"
"Unmatched (User only)","No matching transaction found in exchange file","USR-095","2024-11-22T15:23:35.000Z","ADA",3939.02,"BUY","N/A","N/A","N/A","N/A","N/A"
"Unmatched (User only)","No matching transaction found in exchange file","USR-503","2024-11-22T17:54:49.000Z","XRP",1848.5,"BUY","N/A","N/A","N/A","N/A","N/A"
"Unmatched (User only)","No matching transaction found in exchange file","USR-429","2024-11-23T08:09:00.000Z","MATIC",2456.43,"TRANSFER_IN","N/A","N/A","N/A","N/A","N/A"
"Unmatched (User only)","No matching transaction found in exchange file","USR-284","2024-11-23T21:12:55.000Z","XRP",1647.97,"BUY","N/A","N/A","N/A","N/A","N/A"
"Unmatched (User only)","No matching transaction found in exchange file","USR-287","2024-11-25T15:02:59.000Z","UNI",46.7012,"SELL","N/A","N/A","N/A","N/A","N/A"
"Unmatched (User only)","No matching transaction found in exchange file","USR-098","2024-11-26T07:43:38.000Z","XRP",3681.05,"SELL","N/A","N/A","N/A","N/A","N/A"
"Unmatched (User only)","No matching transaction found in exchange file","USR-204","2024-11-29T03:13:40.000Z","BTC",1.26539,"SELL","N/A","N/A","N/A","N/A","N/A"
"Unmatched (User only)","No matching transaction found in exchange file","USR-253","2024-12-01T08:53:59.000Z","SOL",10.4172,"SELL","N/A","N/A","N/A","N/A","N/A"
"Unmatched (User only)","No matching transaction found in exchange file","USR-175","2024-12-02T00:18:40.000Z","SOL",1.5257,"SELL","N/A","N/A","N/A","N/A","N/A"
"Unmatched (User only)","No matching transaction found in exchange file","USR-262","2024-12-03T03:13:41.000Z","ADA",3800.99,"BUY","N/A","N/A","N/A","N/A","N/A"
"Unmatched (User only)","No matching transaction found in exchange file","USR-167","2024-12-03T13:44:52.000Z","ETH",4.305,"TRANSFER_OUT","N/A","N/A","N/A","N/A","N/A"
"Unmatched (User only)","No matching transaction found in exchange file","USR-498","2024-12-03T20:06:26.000Z","ADA",1275.69,"SELL","N/A","N/A","N/A","N/A","N/A"
"Unmatched (User only)","No matching transaction found in exchange file","USR-227","2024-12-04T03:59:52.000Z","MATIC",1772.25,"BUY","N/A","N/A","N/A","N/A","N/A"
"Unmatched (User only)","No matching transaction found in exchange file","USR-427","2024-12-04T22:42:22.000Z","AVAX",36.9117,"BUY","N/A","N/A","N/A","N/A","N/A"
"Unmatched (User only)","No matching transaction found in exchange file","USR-149","2024-12-05T07:32:58.000Z","ADA",2520.05,"REFERRAL_BONUS","N/A","N/A","N/A","N/A","N/A"
"Unmatched (User only)","No matching transaction found in exchange file","USR-057","2024-12-07T03:40:50.000Z","DOT",33.7447,"REFERRAL_BONUS","N/A","N/A","N/A","N/A","N/A"
"Unmatched (User only)","No matching transaction found in exchange file","USR-271","2024-12-09T02:56:51.000Z","MATIC",2281.88,"SELL","N/A","N/A","N/A","N/A","N/A"
"Unmatched (User only)","No matching transaction found in exchange file","USR-491","2024-12-09T23:00:13.000Z","DOT",22.1836,"SELL","N/A","N/A","N/A","N/A","N/A"
"Unmatched (User only)","No matching transaction found in exchange file","USR-376","2024-12-10T03:47:38.000Z","DOT",44.8334,"BUY","N/A","N/A","N/A","N/A","N/A"
"Unmatched (User only)","No matching transaction found in exchange file","USR-417","2024-12-11T05:33:14.000Z","ETH",5.0421,"BUY","N/A","N/A","N/A","N/A","N/A"
"Unmatched (User only)","No matching transaction found in exchange file","USR-220","2024-12-12T03:25:34.000Z","BTC",2.45741,"REFERRAL_BONUS","N/A","N/A","N/A","N/A","N/A"
"Unmatched (User only)","No matching transaction found in exchange file","USR-097","2024-12-12T12:29:25.000Z","SOL",32.313,"SELL","N/A","N/A","N/A","N/A","N/A"
"Unmatched (User only)","No matching transaction found in exchange file","USR-100","2024-12-12T13:48:00.000Z","LINK",23.658,"BUY","N/A","N/A","N/A","N/A","N/A"
"Unmatched (User only)","No matching transaction found in exchange file","USR-144","2024-12-14T13:12:27.000Z","ADA",3799.49,"SELL","N/A","N/A","N/A","N/A","N/A"
"Unmatched (User only)","No matching transaction found in exchange file","USR-517","2024-12-14T15:31:56.000Z","BTC",0.78545,"SELL","N/A","N/A","N/A","N/A","N/A"
"Unmatched (User only)","No matching transaction found in exchange file","USR-121","2024-12-16T16:06:26.000Z","LINK",25.2161,"SWAP","N/A","N/A","N/A","N/A","N/A"
"Unmatched (User only)","No matching transaction found in exchange file","USR-245","2024-12-17T09:41:53.000Z","DOT",11.6353,"BUY","N/A","N/A","N/A","N/A","N/A"
"Unmatched (User only)","No matching transaction found in exchange file","USR-088","2024-12-18T02:03:54.000Z","ETH",11.227,"SELL","N/A","N/A","N/A","N/A","N/A"
"Unmatched (User only)","No matching transaction found in exchange file","USR-202","2024-12-21T12:30:55.000Z","MATIC",1652.22,"BUY","N/A","N/A","N/A","N/A","N/A"
"Unmatched (User only)","No matching transaction found in exchange file","USR-221","2024-12-23T07:44:43.000Z","XRP",4922.75,"BUY","N/A","N/A","N/A","N/A","N/A"
"Unmatched (User only)","No matching transaction found in exchange file","USR-049","2024-12-25T08:45:39.000Z","BTC",0.12238,"REFERRAL_BONUS","N/A","N/A","N/A","N/A","N/A"
"Unmatched (User only)","No matching transaction found in exchange file","USR-388","2024-12-25T20:55:16.000Z","DOT",8.4857,"BUY","N/A","N/A","N/A","N/A","N/A"
"Unmatched (User only)","No matching transaction found in exchange file","USR-337","2024-12-26T05:12:23.000Z","BTC",2.11716,"SELL","N/A","N/A","N/A","N/A","N/A"
"Unmatched (User only)","No matching transaction found in exchange file","USR-295","2024-12-26T16:37:45.000Z","LINK",44.8068,"TRANSFER_IN","N/A","N/A","N/A","N/A","N/A"
"Unmatched (User only)","No matching transaction found in exchange file","USR-083","2024-12-26T19:01:55.000Z","UNI",2.3713,"TRANSFER_OUT","N/A","N/A","N/A","N/A","N/A"
"Unmatched (User only)","No matching transaction found in exchange file","USR-283","2024-12-28T03:01:16.000Z","SOL",48.318,"TRANSFER_OUT","N/A","N/A","N/A","N/A","N/A"
"Unmatched (User only)","No matching transaction found in exchange file","USR-369","2024-12-28T16:11:59.000Z","AVAX",1.0364,"BUY","N/A","N/A","N/A","N/A","N/A"
"Unmatched (User only)","No matching transaction found in exchange file","USR-509","2024-12-30T16:45:13.000Z","SOL",28.8845,"TRANSFER_OUT","N/A","N/A","N/A","N/A","N/A"
"Unmatched (User only)","No matching transaction found in exchange file","USR-360","2024-12-30T20:30:17.000Z","XRP",1296.89,"BUY","N/A","N/A","N/A","N/A","N/A"
"Unmatched (Exchange only)","No matching transaction found in user file","N/A","N/A","N/A","N/A","N/A","EXC-1036","2024-01-02T05:05:22.000Z","AVAX",10.766,"SELL"
"Unmatched (Exchange only)","No matching transaction found in user file","N/A","N/A","N/A","N/A","N/A","EXC-1305","2024-01-03T09:17:40.000Z","ETH",6.2054,"BUY"
"Unmatched (Exchange only)","No matching transaction found in user file","N/A","N/A","N/A","N/A","N/A","EXC-1432","2024-01-04T23:33:38.000Z","ADA",2410.19,"BUY"
"Unmatched (Exchange only)","No matching transaction found in user file","N/A","N/A","N/A","N/A","N/A","EXC-1044","2024-01-04T23:49:34.000Z","XRP",2313.26,"TRANSFER_OUT"
"Unmatched (Exchange only)","No matching transaction found in user file","N/A","N/A","N/A","N/A","N/A","EXC-1358","2024-01-05T23:27:32.000Z","UNI",45.6463,"BUY"
"Unmatched (Exchange only)","No matching transaction found in user file","N/A","N/A","N/A","N/A","N/A","EXC-1377","2024-01-06T04:01:22.000Z","LINK",4.7439,"BUY"
"Unmatched (Exchange only)","No matching transaction found in user file","N/A","N/A","N/A","N/A","N/A","EXC-1313","2024-01-06T20:16:27.000Z","ETH",4.967,"BUY"
"Unmatched (Exchange only)","No matching transaction found in user file","N/A","N/A","N/A","N/A","N/A","EXC-1351","2024-01-07T16:10:49.000Z","MATIC",2098.95,"BUY"
"Unmatched (Exchange only)","No matching transaction found in user file","N/A","N/A","N/A","N/A","N/A","EXC-1394","2024-01-10T21:56:25.000Z","AVAX",38.6399,"SELL"
"Unmatched (Exchange only)","No matching transaction found in user file","N/A","N/A","N/A","N/A","N/A","EXC-1376","2024-01-11T13:46:43.000Z","SOL",21.6059,"BUY"
"Unmatched (Exchange only)","No matching transaction found in user file","N/A","N/A","N/A","N/A","N/A","EXC-1264","2024-01-11T13:59:05.000Z","ADA",650.74,"SELL"
"Unmatched (Exchange only)","No matching transaction found in user file","N/A","N/A","N/A","N/A","N/A","EXC-1234","2024-01-12T07:43:37.000Z","LINK",18.7607,"BUY"
"Unmatched (Exchange only)","No matching transaction found in user file","N/A","N/A","N/A","N/A","N/A","EXC-1100","2024-01-12T12:30:12.000Z","ADA",3764.86,"WITHDRAWAL"
"Unmatched (Exchange only)","No matching transaction found in user file","N/A","N/A","N/A","N/A","N/A","EXC-1274","2024-01-13T03:17:06.000Z","XRP",3273.09,"DEPOSIT"
"Unmatched (Exchange only)","No matching transaction found in user file","N/A","N/A","N/A","N/A","N/A","EXC-1169","2024-01-14T01:56:16.000Z","ETH",12.5071,"SELL"
"Unmatched (Exchange only)","No matching transaction found in user file","N/A","N/A","N/A","N/A","N/A","EXC-1533","2024-01-14T05:14:40.000Z","SOL",9.7189,"SELL"
"Unmatched (Exchange only)","No matching transaction found in user file","N/A","N/A","N/A","N/A","N/A","EXC-1479","2024-01-14T19:57:22.000Z","MATIC",1112.84,"SELL"
"Unmatched (Exchange only)","No matching transaction found in user file","N/A","N/A","N/A","N/A","N/A","EXC-1235","2024-01-16T06:00:41.000Z","ETH",12.5893,"BUY"
"Unmatched (Exchange only)","No matching transaction found in user file","N/A","N/A","N/A","N/A","N/A","EXC-1157","2024-01-16T16:26:42.000Z","SOL",31.4496,"TRANSFER_IN"
"Unmatched (Exchange only)","No matching transaction found in user file","N/A","N/A","N/A","N/A","N/A","EXC-1454","2024-01-18T11:27:46.000Z","UNI",33.7386,"DEPOSIT"
"Unmatched (Exchange only)","No matching transaction found in user file","N/A","N/A","N/A","N/A","N/A","EXC-1199","2024-01-19T00:19:13.000Z","XRP",3407.18,"SELL"
"Unmatched (Exchange only)","No matching transaction found in user file","N/A","N/A","N/A","N/A","N/A","EXC-1146","2024-01-19T05:40:00.000Z","ETH",6.6607,"TRANSFER_IN"
"Unmatched (Exchange only)","No matching transaction found in user file","N/A","N/A","N/A","N/A","N/A","EXC-1154","2024-01-20T10:07:31.000Z","XRP",90.08,"TRANSFER_IN"
"Unmatched (Exchange only)","No matching transaction found in user file","N/A","N/A","N/A","N/A","N/A","EXC-1086","2024-01-20T21:41:12.000Z","BTC",0.21078,"SELL"
"Unmatched (Exchange only)","No matching transaction found in user file","N/A","N/A","N/A","N/A","N/A","EXC-1034","2024-01-21T00:31:02.000Z","ADA",4378.71,"BUY"
"Unmatched (Exchange only)","No matching transaction found in user file","N/A","N/A","N/A","N/A","N/A","EXC-1218","2024-01-21T17:04:55.000Z","DOT",20.4976,"STAKING_REWARD"
"Unmatched (Exchange only)","No matching transaction found in user file","N/A","N/A","N/A","N/A","N/A","EXC-1109","2024-01-22T13:13:09.000Z","SOL",15.1832,"BUY"
"Unmatched (Exchange only)","No matching transaction found in user file","N/A","N/A","N/A","N/A","N/A","EXC-1448","2024-01-23T20:43:21.000Z","ETH",4.6594,"TRANSFER_IN"
"Unmatched (Exchange only)","No matching transaction found in user file","N/A","N/A","N/A","N/A","N/A","EXC-1038","2024-01-24T02:06:13.000Z","LINK",33.1274,"CONVERSION"
"Unmatched (Exchange only)","No matching transaction found in user file","N/A","N/A","N/A","N/A","N/A","EXC-1492","2024-01-24T12:06:06.000Z","MATIC",3598.84,"DEPOSIT"
"Unmatched (Exchange only)","No matching transaction found in user file","N/A","N/A","N/A","N/A","N/A","EXC-1119","2024-01-24T12:52:00.000Z","ADA",3255.79,"BUY"
"Unmatched (Exchange only)","No matching transaction found in user file","N/A","N/A","N/A","N/A","N/A","EXC-1339","2024-01-25T01:09:58.000Z","SOL",49.2862,"BUY"
"Unmatched (Exchange only)","No matching transaction found in user file","N/A","N/A","N/A","N/A","N/A","EXC-1215","2024-01-25T09:42:16.000Z","UNI",32.6267,"BUY"
"Unmatched (Exchange only)","No matching transaction found in user file","N/A","N/A","N/A","N/A","N/A","EXC-1080","2024-01-25T13:21:30.000Z","ADA",367.93,"BUY"
"Unmatched (Exchange only)","No matching transaction found in user file","N/A","N/A","N/A","N/A","N/A","EXC-1379","2024-01-25T22:41:33.000Z","DOT",8.5581,"SELL"
"Unmatched (Exchange only)","No matching transaction found in user file","N/A","N/A","N/A","N/A","N/A","EXC-1265","2024-01-26T21:49:00.000Z","UNI",18.5087,"SELL"
"Unmatched (Exchange only)","No matching transaction found in user file","N/A","N/A","N/A","N/A","N/A","EXC-1211","2024-01-27T21:28:26.000Z","UNI",16.2281,"WITHDRAWAL"
"Unmatched (Exchange only)","No matching transaction found in user file","N/A","N/A","N/A","N/A","N/A","EXC-1435","2024-01-27T22:38:32.000Z","DOT",38.6957,"BUY"
"Unmatched (Exchange only)","No matching transaction found in user file","N/A","N/A","N/A","N/A","N/A","EXC-1040","2024-01-27T23:39:54.000Z","LINK",7.9559,"SELL"
"Unmatched (Exchange only)","No matching transaction found in user file","N/A","N/A","N/A","N/A","N/A","EXC-1029","2024-01-28T21:26:18.000Z","ADA",383.63,"TRANSFER_IN"
"Unmatched (Exchange only)","No matching transaction found in user file","N/A","N/A","N/A","N/A","N/A","EXC-1493","2024-01-29T13:02:36.000Z","UNI",35.2643,"BUY"
"Unmatched (Exchange only)","No matching transaction found in user file","N/A","N/A","N/A","N/A","N/A","EXC-1327","2024-01-29T17:41:04.000Z","BTC",0.99048,"DEPOSIT"
"Unmatched (Exchange only)","No matching transaction found in user file","N/A","N/A","N/A","N/A","N/A","EXC-1388","2024-01-30T02:24:18.000Z","XRP",1248,"SELL"
"Unmatched (Exchange only)","No matching transaction found in user file","N/A","N/A","N/A","N/A","N/A","EXC-1499","2024-01-31T14:12:37.000Z","ETH",14.051,"TRANSFER_IN"
"Unmatched (Exchange only)","No matching transaction found in user file","N/A","N/A","N/A","N/A","N/A","EXC-1322","2024-01-31T16:58:12.000Z","UNI",43.6694,"BUY"
"Unmatched (Exchange only)","No matching transaction found in user file","N/A","N/A","N/A","N/A","N/A","EXC-1410","2024-02-02T11:32:45.000Z","DOT",35.5361,"TRANSFER_OUT"
"Unmatched (Exchange only)","No matching transaction found in user file","N/A","N/A","N/A","N/A","N/A","EXC-1023","2024-02-03T15:20:52.000Z","XRP",1235.29,"SELL"
"Unmatched (Exchange only)","No matching transaction found in user file","N/A","N/A","N/A","N/A","N/A","EXC-1514","2024-02-03T15:51:00.000Z","XRP",2843.02,"BUY"
"Unmatched (Exchange only)","No matching transaction found in user file","N/A","N/A","N/A","N/A","N/A","EXC-1437","2024-02-04T00:59:27.000Z","DOT",30.8422,"TRANSFER_OUT"
"Unmatched (Exchange only)","No matching transaction found in user file","N/A","N/A","N/A","N/A","N/A","EXC-1521","2024-02-04T04:09:16.000Z","MATIC",4558.48,"TRANSFER_IN"
"Unmatched (Exchange only)","No matching transaction found in user file","N/A","N/A","N/A","N/A","N/A","EXC-1162","2024-02-05T10:41:01.000Z","DOT",48.3668,"TRANSFER_OUT"
"Unmatched (Exchange only)","No matching transaction found in user file","N/A","N/A","N/A","N/A","N/A","EXC-1122","2024-02-05T20:13:41.000Z","BTC",2.22367,"BUY"
"Unmatched (Exchange only)","No matching transaction found in user file","N/A","N/A","N/A","N/A","N/A","EXC-1232","2024-02-05T23:49:56.000Z","SOL",13.7123,"BUY"
"Unmatched (Exchange only)","No matching transaction found in user file","N/A","N/A","N/A","N/A","N/A","EXC-1050","2024-02-06T05:17:02.000Z","XRP",2551.77,"TRANSFER_OUT"
"Unmatched (Exchange only)","No matching transaction found in user file","N/A","N/A","N/A","N/A","N/A","EXC-1187","2024-02-06T13:58:03.000Z","SOL",34.3724,"BUY"
"Unmatched (Exchange only)","No matching transaction found in user file","N/A","N/A","N/A","N/A","N/A","EXC-1429","2024-02-06T14:59:30.000Z","SOL",44.1192,"BUY"
"Unmatched (Exchange only)","No matching transaction found in user file","N/A","N/A","N/A","N/A","N/A","EXC-1315","2024-02-07T10:03:13.000Z","DOT",41.3668,"WITHDRAWAL"
"Unmatched (Exchange only)","No matching transaction found in user file","N/A","N/A","N/A","N/A","N/A","EXC-1170","2024-02-08T23:03:07.000Z","ADA",2244.75,"TRANSFER_OUT"
"Unmatched (Exchange only)","No matching transaction found in user file","N/A","N/A","N/A","N/A","N/A","EXC-1485","2024-02-09T06:19:10.000Z","LINK",17.9359,"CONVERSION"
"Unmatched (Exchange only)","No matching transaction found in user file","N/A","N/A","N/A","N/A","N/A","EXC-1375","2024-02-10T01:51:57.000Z","ETH",0.0879,"SELL"
"Unmatched (Exchange only)","No matching transaction found in user file","N/A","N/A","N/A","N/A","N/A","EXC-1413","2024-02-10T03:35:25.000Z","BTC",1.90025,"DEPOSIT"
"Unmatched (Exchange only)","No matching transaction found in user file","N/A","N/A","N/A","N/A","N/A","EXC-1208","2024-02-10T07:12:27.000Z","MATIC",3650.53,"DEPOSIT"
"Unmatched (Exchange only)","No matching transaction found in user file","N/A","N/A","N/A","N/A","N/A","EXC-1392","2024-02-11T12:28:29.000Z","DOT",48.3439,"TRANSFER_OUT"
"Unmatched (Exchange only)","No matching transaction found in user file","N/A","N/A","N/A","N/A","N/A","EXC-1390","2024-02-12T20:23:48.000Z","MATIC",3523.09,"BUY"
"Unmatched (Exchange only)","No matching transaction found in user file","N/A","N/A","N/A","N/A","N/A","EXC-1237","2024-02-13T13:20:11.000Z","ETH",0.2949,"BUY"
"Unmatched (Exchange only)","No matching transaction found in user file","N/A","N/A","N/A","N/A","N/A","EXC-1052","2024-02-13T19:44:24.000Z","SOL",37.0874,"CONVERSION"
"Unmatched (Exchange only)","No matching transaction found in user file","N/A","N/A","N/A","N/A","N/A","EXC-1111","2024-02-14T16:22:09.000Z","AVAX",22.0794,"BUY"
"Unmatched (Exchange only)","No matching transaction found in user file","N/A","N/A","N/A","N/A","N/A","EXC-1397","2024-02-15T01:40:20.000Z","AVAX",16.0136,"TRANSFER_OUT"
"Unmatched (Exchange only)","No matching transaction found in user file","N/A","N/A","N/A","N/A","N/A","EXC-1048","2024-02-15T04:52:23.000Z","XRP",4662.19,"DEPOSIT"
"Unmatched (Exchange only)","No matching transaction found in user file","N/A","N/A","N/A","N/A","N/A","EXC-1127","2024-02-15T09:28:03.000Z","BTC",1.13761,"TRANSFER_OUT"
"Unmatched (Exchange only)","No matching transaction found in user file","N/A","N/A","N/A","N/A","N/A","EXC-1324","2024-02-15T12:26:07.000Z","SOL",8.3104,"TRANSFER_IN"
"Unmatched (Exchange only)","No matching transaction found in user file","N/A","N/A","N/A","N/A","N/A","EXC-1259","2024-02-16T02:36:43.000Z","BTC",1.83945,"CONVERSION"
"Unmatched (Exchange only)","No matching transaction found in user file","N/A","N/A","N/A","N/A","N/A","EXC-1449","2024-02-16T18:17:22.000Z","DOT",5.8877,"BUY"
"Unmatched (Exchange only)","No matching transaction found in user file","N/A","N/A","N/A","N/A","N/A","EXC-1130","2024-02-17T12:46:23.000Z","XRP",2768.64,"BUY"
"Unmatched (Exchange only)","No matching transaction found in user file","N/A","N/A","N/A","N/A","N/A","EXC-1474","2024-02-17T13:01:35.000Z","LINK",12.5676,"SELL"
"Unmatched (Exchange only)","No matching transaction found in user file","N/A","N/A","N/A","N/A","N/A","EXC-1120","2024-02-18T16:03:36.000Z","XRP",2995.47,"BUY"
"Unmatched (Exchange only)","No matching transaction found in user file","N/A","N/A","N/A","N/A","N/A","EXC-1266","2024-02-19T01:07:48.000Z","AVAX",26.3322,"BUY"
"Unmatched (Exchange only)","No matching transaction found in user file","N/A","N/A","N/A","N/A","N/A","EXC-1519","2024-02-19T09:08:19.000Z","AVAX",8.7267,"BUY"
"Unmatched (Exchange only)","No matching transaction found in user file","N/A","N/A","N/A","N/A","N/A","EXC-1024","2024-02-20T05:41:42.000Z","ETH",14.67,"TRANSFER_OUT"
"Unmatched (Exchange only)","No matching transaction found in user file","N/A","N/A","N/A","N/A","N/A","EXC-1285","2024-02-20T08:13:46.000Z","ETH",5.8014,"SELL"
"Unmatched (Exchange only)","No matching transaction found in user file","N/A","N/A","N/A","N/A","N/A","EXC-1043","2024-02-21T04:52:26.000Z","XRP",1061.08,"SELL"
"Unmatched (Exchange only)","No matching transaction found in user file","N/A","N/A","N/A","N/A","N/A","EXC-1045","2024-02-21T19:35:04.000Z","UNI",49.8052,"SELL"
"Unmatched (Exchange only)","No matching transaction found in user file","N/A","N/A","N/A","N/A","N/A","EXC-1529","2024-02-22T13:33:49.000Z","AVAX",42.9259,"BUY"
"Unmatched (Exchange only)","No matching transaction found in user file","N/A","N/A","N/A","N/A","N/A","EXC-1381","2024-02-22T23:51:14.000Z","AVAX",29.7309,"TRANSFER_OUT"
"Unmatched (Exchange only)","No matching transaction found in user file","N/A","N/A","N/A","N/A","N/A","EXC-1468","2024-02-23T05:39:15.000Z","MATIC",1624.39,"DEPOSIT"
"Unmatched (Exchange only)","No matching transaction found in user file","N/A","N/A","N/A","N/A","N/A","EXC-1303","2024-02-23T16:28:36.000Z","AVAX",10.7779,"BUY"
"Unmatched (Exchange only)","No matching transaction found in user file","N/A","N/A","N/A","N/A","N/A","EXC-1356","2024-02-23T18:30:50.000Z","ETH",14.1784,"BUY"
"Unmatched (Exchange only)","No matching transaction found in user file","N/A","N/A","N/A","N/A","N/A","EXC-1337","2024-02-24T19:09:29.000Z","DOT",22.0042,"TRANSFER_OUT"
"Unmatched (Exchange only)","No matching transaction found in user file","N/A","N/A","N/A","N/A","N/A","EXC-1194","2024-02-25T11:22:03.000Z","BTC",0.45433,"SELL"
"Unmatched (Exchange only)","No matching transaction found in user file","N/A","N/A","N/A","N/A","N/A","EXC-1421","2024-02-25T14:08:08.000Z","ADA",3819.29,"TRANSFER_OUT"
"Unmatched (Exchange only)","No matching transaction found in user file","N/A","N/A","N/A","N/A","N/A","EXC-1420","2024-02-27T04:05:15.000Z","XRP",4341.89,"BUY"
"Unmatched (Exchange only)","No matching transaction found in user file","N/A","N/A","N/A","N/A","N/A","EXC-1518","2024-02-27T15:18:42.000Z","LINK",40.0425,"TRANSFER_IN"
"Unmatched (Exchange only)","No matching transaction found in user file","N/A","N/A","N/A","N/A","N/A","EXC-1072","2024-02-27T16:27:52.000Z","UNI",9.8023,"SELL"
"Unmatched (Exchange only)","No matching transaction found in user file","N/A","N/A","N/A","N/A","N/A","EXC-1293","2024-02-27T18:22:09.000Z","BTC",1.45922,"BUY"
"Unmatched (Exchange only)","No matching transaction found in user file","N/A","N/A","N/A","N/A","N/A","EXC-1112","2024-02-28T07:37:20.000Z","DOT",24.6382,"DEPOSIT"
"Unmatched (Exchange only)","No matching transaction found in user file","N/A","N/A","N/A","N/A","N/A","EXC-1523","2024-02-28T11:46:03.000Z","UNI",26.1758,"TRANSFER_OUT"
"Unmatched (Exchange only)","No matching transaction found in user file","N/A","N/A","N/A","N/A","N/A","EXC-1544","2024-02-28T14:26:32.000Z","XRP",3297.79,"WITHDRAWAL"
"Unmatched (Exchange only)","No matching transaction found in user file","N/A","N/A","N/A","N/A","N/A","EXC-1461","2024-02-28T20:22:49.000Z","AVAX",49.8896,"SELL"
"Unmatched (Exchange only)","No matching transaction found in user file","N/A","N/A","N/A","N/A","N/A","EXC-1139","2024-02-29T10:43:27.000Z","DOT",19.3653,"TRANSFER_OUT"
"Unmatched (Exchange only)","No matching transaction found in user file","N/A","N/A","N/A","N/A","N/A","EXC-1016","2024-02-29T17:35:03.000Z","SOL",25.5254,"BUY"
"Unmatched (Exchange only)","No matching transaction found in user file","N/A","N/A","N/A","N/A","N/A","EXC-1509","2024-03-01T00:33:43.000Z","ADA",524.78,"BUY"
"Unmatched (Exchange only)","No matching transaction found in user file","N/A","N/A","N/A","N/A","N/A","EXC-1224","2024-03-01T13:11:37.000Z","ADA",1741.58,"BUY"
"Unmatched (Exchange only)","No matching transaction found in user file","N/A","N/A","N/A","N/A","N/A","EXC-1116","2024-03-02T03:59:23.000Z","ADA",1360,"BUY"
"Unmatched (Exchange only)","No matching transaction found in user file","N/A","N/A","N/A","N/A","N/A","EXC-1318","2024-03-03T09:40:07.000Z","ADA",357.52,"TRANSFER_IN"
"Unmatched (Exchange only)","No matching transaction found in user file","N/A","N/A","N/A","N/A","N/A","EXC-1505","2024-03-03T20:44:18.000Z","XRP",4760.73,"BUY"
"Unmatched (Exchange only)","No matching transaction found in user file","N/A","N/A","N/A","N/A","N/A","EXC-1430","2024-03-05T15:48:20.000Z","XRP",457.98,"TRANSFER_IN"
"Unmatched (Exchange only)","No matching transaction found in user file","N/A","N/A","N/A","N/A","N/A","EXC-1416","2024-03-05T20:03:38.000Z","UNI",34.4878,"DEPOSIT"
"Unmatched (Exchange only)","No matching transaction found in user file","N/A","N/A","N/A","N/A","N/A","EXC-1035","2024-03-05T23:07:54.000Z","LINK",41.8178,"TRANSFER_IN"
"Unmatched (Exchange only)","No matching transaction found in user file","N/A","N/A","N/A","N/A","N/A","EXC-1252","2024-03-06T02:14:30.000Z","MATIC",3321.55,"BUY"
"Unmatched (Exchange only)","No matching transaction found in user file","N/A","N/A","N/A","N/A","N/A","EXC-1450","2024-03-06T05:12:27.000Z","SOL",35.1048,"BUY"
"Unmatched (Exchange only)","No matching transaction found in user file","N/A","N/A","N/A","N/A","N/A","EXC-1487","2024-03-09T18:22:27.000Z","ADA",2899.68,"CONVERSION"
"Unmatched (Exchange only)","No matching transaction found in user file","N/A","N/A","N/A","N/A","N/A","EXC-1209","2024-03-10T04:07:17.000Z","ADA",908.82,"BUY"
"Unmatched (Exchange only)","No matching transaction found in user file","N/A","N/A","N/A","N/A","N/A","EXC-1535","2024-03-10T08:11:59.000Z","BTC",0.6056,"STAKING_REWARD"
"Unmatched (Exchange only)","No matching transaction found in user file","N/A","N/A","N/A","N/A","N/A","EXC-1455","2024-03-10T21:02:12.000Z","BTC",0.61213,"WITHDRAWAL"
"Unmatched (Exchange only)","No matching transaction found in user file","N/A","N/A","N/A","N/A","N/A","EXC-1366","2024-03-11T00:42:18.000Z","XRP",280.48,"SELL"
"Unmatched (Exchange only)","No matching transaction found in user file","N/A","N/A","N/A","N/A","N/A","EXC-1483","2024-03-11T05:00:19.000Z","AVAX",17.2673,"SELL"
"Unmatched (Exchange only)","No matching transaction found in user file","N/A","N/A","N/A","N/A","N/A","EXC-1033","2024-03-12T15:13:56.000Z","ETH",3.7374,"SELL"
"Unmatched (Exchange only)","No matching transaction found in user file","N/A","N/A","N/A","N/A","N/A","EXC-1372","2024-03-13T12:12:07.000Z","AVAX",24.5811,"BUY"
"Unmatched (Exchange only)","No matching transaction found in user file","N/A","N/A","N/A","N/A","N/A","EXC-1530","2024-03-14T08:41:15.000Z","AVAX",38.7241,"BUY"
"Unmatched (Exchange only)","No matching transaction found in user file","N/A","N/A","N/A","N/A","N/A","EXC-1106","2024-03-16T04:00:56.000Z","XRP",1567.78,"TRANSFER_OUT"
"Unmatched (Exchange only)","No matching transaction found in user file","N/A","N/A","N/A","N/A","N/A","EXC-1270","2024-03-17T14:39:59.000Z","LINK",44.7568,"STAKING_REWARD"
"Unmatched (Exchange only)","No matching transaction found in user file","N/A","N/A","N/A","N/A","N/A","EXC-1510","2024-03-18T22:06:14.000Z","BTC",1.06959,"BUY"
"Unmatched (Exchange only)","No matching transaction found in user file","N/A","N/A","N/A","N/A","N/A","EXC-1260","2024-03-19T02:47:50.000Z","XRP",3534.99,"BUY"
"Unmatched (Exchange only)","No matching transaction found in user file","N/A","N/A","N/A","N/A","N/A","EXC-1491","2024-03-19T14:47:02.000Z","BTC",1.31659,"TRANSFER_IN"
"Unmatched (Exchange only)","No matching transaction found in user file","N/A","N/A","N/A","N/A","N/A","EXC-1323","2024-03-19T21:14:15.000Z","ETH",0.9358,"STAKING_REWARD"
"Unmatched (Exchange only)","No matching transaction found in user file","N/A","N/A","N/A","N/A","N/A","EXC-1049","2024-03-20T10:39:52.000Z","LINK",7.8569,"WITHDRAWAL"
"Unmatched (Exchange only)","No matching transaction found in user file","N/A","N/A","N/A","N/A","N/A","EXC-1440","2024-03-21T03:53:34.000Z","BTC",2.11988,"TRANSFER_IN"
"Unmatched (Exchange only)","No matching transaction found in user file","N/A","N/A","N/A","N/A","N/A","EXC-1415","2024-03-22T21:12:22.000Z","ETH",6.5917,"SELL"
"Unmatched (Exchange only)","No matching transaction found in user file","N/A","N/A","N/A","N/A","N/A","EXC-1013","2024-03-23T22:49:22.000Z","XRP",377.63,"BUY"
"Unmatched (Exchange only)","No matching transaction found in user file","N/A","N/A","N/A","N/A","N/A","EXC-1471","2024-03-24T21:08:20.000Z","SOL",40.3991,"BUY"
"Unmatched (Exchange only)","No matching transaction found in user file","N/A","N/A","N/A","N/A","N/A","EXC-1003","2024-03-26T23:39:19.000Z","BTC",1.40355,"SELL"
"Unmatched (Exchange only)","No matching transaction found in user file","N/A","N/A","N/A","N/A","N/A","EXC-1498","2024-03-27T03:53:34.000Z","UNI",1.7159,"CONVERSION"
"Unmatched (Exchange only)","No matching transaction found in user file","N/A","N/A","N/A","N/A","N/A","EXC-1059","2024-03-27T22:47:53.000Z","MATIC",1560.69,"STAKING_REWARD"
"Unmatched (Exchange only)","No matching transaction found in user file","N/A","N/A","N/A","N/A","N/A","EXC-1539","2024-03-28T06:41:16.000Z","BTC",1.18577,"BUY"
"Unmatched (Exchange only)","No matching transaction found in user file","N/A","N/A","N/A","N/A","N/A","EXC-1027","2024-03-28T15:19:51.000Z","AVAX",44.9907,"TRANSFER_IN"
"Unmatched (Exchange only)","No matching transaction found in user file","N/A","N/A","N/A","N/A","N/A","EXC-1352","2024-03-30T16:55:44.000Z","UNI",28.9992,"BUY"
"Unmatched (Exchange only)","No matching transaction found in user file","N/A","N/A","N/A","N/A","N/A","EXC-1490","2024-03-31T17:12:24.000Z","AVAX",27.152,"CONVERSION"
"Unmatched (Exchange only)","No matching transaction found in user file","N/A","N/A","N/A","N/A","N/A","EXC-1002","2024-03-31T17:33:24.000Z","LINK",4.4382,"BUY"
"Unmatched (Exchange only)","No matching transaction found in user file","N/A","N/A","N/A","N/A","N/A","EXC-1078","2024-04-01T10:38:18.000Z","AVAX",31.3747,"DEPOSIT"
"Unmatched (Exchange only)","No matching transaction found in user file","N/A","N/A","N/A","N/A","N/A","EXC-1316","2024-04-01T20:13:01.000Z","SOL",23.925,"BUY"
"Unmatched (Exchange only)","No matching transaction found in user file","N/A","N/A","N/A","N/A","N/A","EXC-1338","2024-04-02T09:06:20.000Z","XRP",1209.1,"SELL"
"Unmatched (Exchange only)","No matching transaction found in user file","N/A","N/A","N/A","N/A","N/A","EXC-1335","2024-04-03T20:10:20.000Z","UNI",38.3261,"TRANSFER_IN"
"Unmatched (Exchange only)","No matching transaction found in user file","N/A","N/A","N/A","N/A","N/A","EXC-1360","2024-04-03T22:59:32.000Z","SOL",5.4401,"STAKING_REWARD"
"Unmatched (Exchange only)","No matching transaction found in user file","N/A","N/A","N/A","N/A","N/A","EXC-1094","2024-04-04T16:31:13.000Z","ADA",426.18,"STAKING_REWARD"
"Unmatched (Exchange only)","No matching transaction found in user file","N/A","N/A","N/A","N/A","N/A","EXC-1030","2024-04-04T17:53:54.000Z","XRP",3361.44,"SELL"
"Unmatched (Exchange only)","No matching transaction found in user file","N/A","N/A","N/A","N/A","N/A","EXC-1336","2024-04-05T10:05:15.000Z","ETH",8.9132,"BUY"
"Unmatched (Exchange only)","No matching transaction found in user file","N/A","N/A","N/A","N/A","N/A","EXC-1041","2024-04-05T23:53:36.000Z","ADA",2048.69,"TRANSFER_IN"
"Unmatched (Exchange only)","No matching transaction found in user file","N/A","N/A","N/A","N/A","N/A","EXC-1380","2024-04-06T03:23:09.000Z","XRP",2134.46,"BUY"
"Unmatched (Exchange only)","No matching transaction found in user file","N/A","N/A","N/A","N/A","N/A","EXC-1216","2024-04-06T14:08:19.000Z","MATIC",4912.81,"SELL"
"Unmatched (Exchange only)","No matching transaction found in user file","N/A","N/A","N/A","N/A","N/A","EXC-1278","2024-04-06T15:46:17.000Z","LINK",5.3986,"SELL"
"Unmatched (Exchange only)","No matching transaction found in user file","N/A","N/A","N/A","N/A","N/A","EXC-1258","2024-04-07T07:32:57.000Z","ETH",8.6131,"SELL"
"Unmatched (Exchange only)","No matching transaction found in user file","N/A","N/A","N/A","N/A","N/A","EXC-1219","2024-04-08T05:46:15.000Z","MATIC",376.26,"DEPOSIT"
"Unmatched (Exchange only)","No matching transaction found in user file","N/A","N/A","N/A","N/A","N/A","EXC-1247","2024-04-08T18:03:19.000Z","LINK",19.9714,"STAKING_REWARD"
"Unmatched (Exchange only)","No matching transaction found in user file","N/A","N/A","N/A","N/A","N/A","EXC-1063","2024-04-09T07:11:09.000Z","MATIC",2210.15,"SELL"
"Unmatched (Exchange only)","No matching transaction found in user file","N/A","N/A","N/A","N/A","N/A","EXC-1453","2024-04-09T10:51:15.000Z","MATIC",324.42,"SELL"
"Unmatched (Exchange only)","No matching transaction found in user file","N/A","N/A","N/A","N/A","N/A","EXC-1317","2024-04-11T22:51:07.000Z","XRP",4772.47,"SELL"
"Unmatched (Exchange only)","No matching transaction found in user file","N/A","N/A","N/A","N/A","N/A","EXC-1414","2024-04-12T10:36:55.000Z","ADA",1523.66,"TRANSFER_OUT"
"Unmatched (Exchange only)","No matching transaction found in user file","N/A","N/A","N/A","N/A","N/A","EXC-1513","2024-04-12T16:04:24.000Z","DOT",18.5331,"BUY"
"Unmatched (Exchange only)","No matching transaction found in user file","N/A","N/A","N/A","N/A","N/A","EXC-1014","2024-04-13T05:51:43.000Z","DOT",44.2457,"TRANSFER_IN"
"Unmatched (Exchange only)","No matching transaction found in user file","N/A","N/A","N/A","N/A","N/A","EXC-1057","2024-04-13T23:48:34.000Z","SOL",36.8546,"SELL"
"Unmatched (Exchange only)","No matching transaction found in user file","N/A","N/A","N/A","N/A","N/A","EXC-1248","2024-04-16T11:33:48.000Z","ADA",1466.25,"BUY"
"Unmatched (Exchange only)","No matching transaction found in user file","N/A","N/A","N/A","N/A","N/A","EXC-1171","2024-04-17T12:24:05.000Z","MATIC",2745.11,"CONVERSION"
"Unmatched (Exchange only)","No matching transaction found in user file","N/A","N/A","N/A","N/A","N/A","EXC-1107","2024-04-17T18:09:47.000Z","LINK",47.5488,"BUY"
"Unmatched (Exchange only)","No matching transaction found in user file","N/A","N/A","N/A","N/A","N/A","EXC-1446","2024-04-18T03:11:12.000Z","LINK",38.3788,"BUY"
"Unmatched (Exchange only)","No matching transaction found in user file","N/A","N/A","N/A","N/A","N/A","EXC-1087","2024-04-18T10:32:22.000Z","MATIC",1097.72,"BUY"
"Unmatched (Exchange only)","No matching transaction found in user file","N/A","N/A","N/A","N/A","N/A","EXC-1099","2024-04-18T16:47:58.000Z","UNI",13.4929,"SELL"
"Unmatched (Exchange only)","No matching transaction found in user file","N/A","N/A","N/A","N/A","N/A","EXC-1101","2024-04-18T23:36:21.000Z","MATIC",950.11,"SELL"
"Unmatched (Exchange only)","No matching transaction found in user file","N/A","N/A","N/A","N/A","N/A","EXC-1135","2024-04-20T05:15:01.000Z","DOT",17.0598,"BUY"
"Unmatched (Exchange only)","No matching transaction found in user file","N/A","N/A","N/A","N/A","N/A","EXC-1231","2024-04-21T01:58:47.000Z","AVAX",43.7184,"BUY"
"Unmatched (Exchange only)","No matching transaction found in user file","N/A","N/A","N/A","N/A","N/A","EXC-1189","2024-04-22T01:54:01.000Z","MATIC",4374.36,"BUY"
"Unmatched (Exchange only)","No matching transaction found in user file","N/A","N/A","N/A","N/A","N/A","EXC-1504","2024-04-24T21:44:51.000Z","ADA",855.15,"TRANSFER_OUT"
"Unmatched (Exchange only)","No matching transaction found in user file","N/A","N/A","N/A","N/A","N/A","EXC-1108","2024-04-25T10:13:01.000Z","LINK",29.8799,"TRANSFER_OUT"
"Unmatched (Exchange only)","No matching transaction found in user file","N/A","N/A","N/A","N/A","N/A","EXC-1275","2024-04-25T21:17:04.000Z","LINK",14.5546,"SELL"
"Unmatched (Exchange only)","No matching transaction found in user file","N/A","N/A","N/A","N/A","N/A","EXC-1542","2024-04-26T06:59:50.000Z","LINK",49.9715,"BUY"
"Unmatched (Exchange only)","No matching transaction found in user file","N/A","N/A","N/A","N/A","N/A","EXC-1298","2024-04-26T07:12:49.000Z","XRP",3069.88,"DEPOSIT"
"Unmatched (Exchange only)","No matching transaction found in user file","N/A","N/A","N/A","N/A","N/A","EXC-1346","2024-04-28T02:55:01.000Z","UNI",36.2428,"BUY"
"Unmatched (Exchange only)","No matching transaction found in user file","N/A","N/A","N/A","N/A","N/A","EXC-1166","2024-04-28T13:53:00.000Z","DOT",5.9221,"TRANSFER_OUT"
"Unmatched (Exchange only)","No matching transaction found in user file","N/A","N/A","N/A","N/A","N/A","EXC-1405","2024-04-28T23:20:52.000Z","ETH",10.0849,"TRANSFER_IN"
"Unmatched (Exchange only)","No matching transaction found in user file","N/A","N/A","N/A","N/A","N/A","EXC-1511","2024-04-30T03:03:43.000Z","ADA",895.62,"BUY"
"Unmatched (Exchange only)","No matching transaction found in user file","N/A","N/A","N/A","N/A","N/A","EXC-1212","2024-04-30T22:12:39.000Z","XRP",3991.83,"SELL"
"Unmatched (Exchange only)","No matching transaction found in user file","N/A","N/A","N/A","N/A","N/A","EXC-1528","2024-05-01T03:15:27.000Z","AVAX",46.0497,"BUY"
"Unmatched (Exchange only)","No matching transaction found in user file","N/A","N/A","N/A","N/A","N/A","EXC-1092","2024-05-01T04:05:34.000Z","UNI",30.4016,"SELL"
"Unmatched (Exchange only)","No matching transaction found in user file","N/A","N/A","N/A","N/A","N/A","EXC-1438","2024-05-02T12:23:11.000Z","SOL",37.647,"WITHDRAWAL"
"Unmatched (Exchange only)","No matching transaction found in user file","N/A","N/A","N/A","N/A","N/A","EXC-1246","2024-05-02T22:33:58.000Z","AVAX",1.9455,"BUY"
"Unmatched (Exchange only)","No matching transaction found in user file","N/A","N/A","N/A","N/A","N/A","EXC-1374","2024-05-03T08:39:18.000Z","XRP",813.39,"BUY"
"Unmatched (Exchange only)","No matching transaction found in user file","N/A","N/A","N/A","N/A","N/A","EXC-1299","2024-05-03T12:02:02.000Z","XRP",3867.31,"BUY"
"Unmatched (Exchange only)","No matching transaction found in user file","N/A","N/A","N/A","N/A","N/A","EXC-1138","2024-05-03T22:37:05.000Z","ADA",2880.4,"BUY"
"Unmatched (Exchange only)","No matching transaction found in user file","N/A","N/A","N/A","N/A","N/A","EXC-1251","2024-05-05T02:54:27.000Z","DOT",4.0385,"BUY"
"Unmatched (Exchange only)","No matching transaction found in user file","N/A","N/A","N/A","N/A","N/A","EXC-1181","2024-05-05T11:17:59.000Z","AVAX",35.6488,"TRANSFER_OUT"
"Unmatched (Exchange only)","No matching transaction found in user file","N/A","N/A","N/A","N/A","N/A","EXC-1204","2024-05-06T12:03:31.000Z","DOT",35.504,"SELL"
"Unmatched (Exchange only)","No matching transaction found in user file","N/A","N/A","N/A","N/A","N/A","EXC-1543","2024-05-06T15:29:49.000Z","AVAX",3.2855,"TRANSFER_OUT"
"Unmatched (Exchange only)","No matching transaction found in user file","N/A","N/A","N/A","N/A","N/A","EXC-1158","2024-05-07T06:14:34.000Z","AVAX",1.7649,"BUY"
"Unmatched (Exchange only)","No matching transaction found in user file","N/A","N/A","N/A","N/A","N/A","EXC-1288","2024-05-07T17:51:47.000Z","AVAX",26.0147,"SELL"
"Unmatched (Exchange only)","No matching transaction found in user file","N/A","N/A","N/A","N/A","N/A","EXC-1174","2024-05-07T23:23:49.000Z","ETH",12.449,"SELL"
"Unmatched (Exchange only)","No matching transaction found in user file","N/A","N/A","N/A","N/A","N/A","EXC-1462","2024-05-10T11:35:17.000Z","DOT",1.2931,"BUY"
"Unmatched (Exchange only)","No matching transaction found in user file","N/A","N/A","N/A","N/A","N/A","EXC-1142","2024-05-11T20:37:09.000Z","SOL",3.8339,"TRANSFER_IN"
"Unmatched (Exchange only)","No matching transaction found in user file","N/A","N/A","N/A","N/A","N/A","EXC-1249","2024-05-12T01:03:01.000Z","MATIC",2212.91,"BUY"
"Unmatched (Exchange only)","No matching transaction found in user file","N/A","N/A","N/A","N/A","N/A","EXC-1004","2024-05-12T12:21:52.000Z","XRP",4056.68,"SELL"
"Unmatched (Exchange only)","No matching transaction found in user file","N/A","N/A","N/A","N/A","N/A","EXC-1547","2024-05-13T15:32:55.000Z","DOT",36.8629,"SELL"
"Unmatched (Exchange only)","No matching transaction found in user file","N/A","N/A","N/A","N/A","N/A","EXC-1198","2024-05-14T10:14:39.000Z","UNI",22.158,"SELL"
"Unmatched (Exchange only)","No matching transaction found in user file","N/A","N/A","N/A","N/A","N/A","EXC-1269","2024-05-14T18:10:07.000Z","SOL",15.2758,"BUY"
"Unmatched (Exchange only)","No matching transaction found in user file","N/A","N/A","N/A","N/A","N/A","EXC-1095","2024-05-15T05:10:25.000Z","XRP",4258.95,"BUY"
"Unmatched (Exchange only)","No matching transaction found in user file","N/A","N/A","N/A","N/A","N/A","EXC-1395","2024-05-15T15:39:30.000Z","XRP",2109.08,"SELL"
"Unmatched (Exchange only)","No matching transaction found in user file","N/A","N/A","N/A","N/A","N/A","EXC-1417","2024-05-16T14:50:14.000Z","ADA",4076.97,"TRANSFER_IN"
"Unmatched (Exchange only)","No matching transaction found in user file","N/A","N/A","N/A","N/A","N/A","EXC-1060","2024-05-16T17:55:08.000Z","ADA",2022.41,"BUY"
"Unmatched (Exchange only)","No matching transaction found in user file","N/A","N/A","N/A","N/A","N/A","EXC-1105","2024-05-17T00:06:42.000Z","LINK",26.593,"SELL"
"Unmatched (Exchange only)","No matching transaction found in user file","N/A","N/A","N/A","N/A","N/A","EXC-1005","2024-05-19T18:55:49.000Z","ADA",4788.2,"BUY"
"Unmatched (Exchange only)","No matching transaction found in user file","N/A","N/A","N/A","N/A","N/A","EXC-1349","2024-05-20T01:07:50.000Z","XRP",1934.28,"SELL"
"Unmatched (Exchange only)","No matching transaction found in user file","N/A","N/A","N/A","N/A","N/A","EXC-1442","2024-05-20T14:40:45.000Z","ADA",2522.93,"SELL"
"Unmatched (Exchange only)","No matching transaction found in user file","N/A","N/A","N/A","N/A","N/A","EXC-1015","2024-05-20T23:03:05.000Z","LINK",26.995,"BUY"
"Unmatched (Exchange only)","No matching transaction found in user file","N/A","N/A","N/A","N/A","N/A","EXC-1284","2024-05-21T03:57:59.000Z","MATIC",3831.09,"BUY"
"Unmatched (Exchange only)","No matching transaction found in user file","N/A","N/A","N/A","N/A","N/A","EXC-1223","2024-05-21T04:39:18.000Z","LINK",4.7633,"BUY"
"Unmatched (Exchange only)","No matching transaction found in user file","N/A","N/A","N/A","N/A","N/A","EXC-1064","2024-05-21T19:47:24.000Z","DOT",0.1844,"BUY"
"Unmatched (Exchange only)","No matching transaction found in user file","N/A","N/A","N/A","N/A","N/A","EXC-1443","2024-05-22T06:53:27.000Z","SOL",19.4032,"STAKING_REWARD"
"Unmatched (Exchange only)","No matching transaction found in user file","N/A","N/A","N/A","N/A","N/A","EXC-1256","2024-05-22T15:25:43.000Z","AVAX",1.8365,"TRANSFER_IN"
"Unmatched (Exchange only)","No matching transaction found in user file","N/A","N/A","N/A","N/A","N/A","EXC-1009","2024-05-24T03:20:12.000Z","ETH",5.7081,"BUY"
"Unmatched (Exchange only)","No matching transaction found in user file","N/A","N/A","N/A","N/A","N/A","EXC-1167","2024-05-24T11:04:40.000Z","ETH",1.4669,"CONVERSION"
"Unmatched (Exchange only)","No matching transaction found in user file","N/A","N/A","N/A","N/A","N/A","EXC-1257","2024-05-24T20:24:57.000Z","UNI",1.716,"SELL"
"Unmatched (Exchange only)","No matching transaction found in user file","N/A","N/A","N/A","N/A","N/A","EXC-1217","2024-05-25T04:13:56.000Z","AVAX",26.251,"TRANSFER_OUT"
"Unmatched (Exchange only)","No matching transaction found in user file","N/A","N/A","N/A","N/A","N/A","EXC-1361","2024-05-25T06:05:33.000Z","LINK",12.6957,"BUY"
"Unmatched (Exchange only)","No matching transaction found in user file","N/A","N/A","N/A","N/A","N/A","EXC-1357","2024-05-25T07:28:57.000Z","ADA",386.44,"DEPOSIT"
"Unmatched (Exchange only)","No matching transaction found in user file","N/A","N/A","N/A","N/A","N/A","EXC-1242","2024-05-25T08:25:49.000Z","LINK",27.7522,"SELL"
"Unmatched (Exchange only)","No matching transaction found in user file","N/A","N/A","N/A","N/A","N/A","EXC-1329","2024-05-25T19:13:43.000Z","XRP",2073.89,"SELL"
"Unmatched (Exchange only)","No matching transaction found in user file","N/A","N/A","N/A","N/A","N/A","EXC-1496","2024-05-27T07:47:43.000Z","UNI",39.3709,"WITHDRAWAL"
"Unmatched (Exchange only)","No matching transaction found in user file","N/A","N/A","N/A","N/A","N/A","EXC-1201","2024-05-28T00:47:24.000Z","MATIC",643.92,"BUY"
"Unmatched (Exchange only)","No matching transaction found in user file","N/A","N/A","N/A","N/A","N/A","EXC-1152","2024-05-28T11:34:22.000Z","XRP",1036.12,"BUY"
"Unmatched (Exchange only)","No matching transaction found in user file","N/A","N/A","N/A","N/A","N/A","EXC-1525","2024-05-29T03:13:26.000Z","XRP",4344,"DEPOSIT"
"Unmatched (Exchange only)","No matching transaction found in user file","N/A","N/A","N/A","N/A","N/A","EXC-1512","2024-05-30T21:00:52.000Z","AVAX",24.5059,"DEPOSIT"
"Unmatched (Exchange only)","No matching transaction found in user file","N/A","N/A","N/A","N/A","N/A","EXC-1447","2024-06-01T02:52:53.000Z","ETH",7.6745,"BUY"
"Unmatched (Exchange only)","No matching transaction found in user file","N/A","N/A","N/A","N/A","N/A","EXC-1331","2024-06-02T00:34:19.000Z","LINK",6.7362,"CONVERSION"
"Unmatched (Exchange only)","No matching transaction found in user file","N/A","N/A","N/A","N/A","N/A","EXC-1281","2024-06-02T02:16:58.000Z","LINK",23.3941,"BUY"
"Unmatched (Exchange only)","No matching transaction found in user file","N/A","N/A","N/A","N/A","N/A","EXC-1093","2024-06-03T10:05:14.000Z","BTC",2.32229,"BUY"
"Unmatched (Exchange only)","No matching transaction found in user file","N/A","N/A","N/A","N/A","N/A","EXC-1202","2024-06-03T13:58:17.000Z","ADA",2526.3,"SELL"
"Unmatched (Exchange only)","No matching transaction found in user file","N/A","N/A","N/A","N/A","N/A","EXC-1458","2024-06-05T01:53:25.000Z","LINK",33.699,"SELL"
"Unmatched (Exchange only)","No matching transaction found in user file","N/A","N/A","N/A","N/A","N/A","EXC-1526","2024-06-05T20:59:22.000Z","UNI",30.4872,"TRANSFER_IN"
"Unmatched (Exchange only)","No matching transaction found in user file","N/A","N/A","N/A","N/A","N/A","EXC-1469","2024-06-07T05:58:17.000Z","UNI",5.5377,"DEPOSIT"
"Unmatched (Exchange only)","No matching transaction found in user file","N/A","N/A","N/A","N/A","N/A","EXC-1409","2024-06-08T06:24:30.000Z","BTC",1.21204,"SELL"
"Unmatched (Exchange only)","No matching transaction found in user file","N/A","N/A","N/A","N/A","N/A","EXC-1031","2024-06-09T00:45:03.000Z","DOT",9.6015,"DEPOSIT"
"Unmatched (Exchange only)","No matching transaction found in user file","N/A","N/A","N/A","N/A","N/A","EXC-1185","2024-06-10T02:01:19.000Z","LINK",36.0699,"WITHDRAWAL"
"Unmatched (Exchange only)","No matching transaction found in user file","N/A","N/A","N/A","N/A","N/A","EXC-1233","2024-06-10T12:07:10.000Z","ADA",4092.68,"STAKING_REWARD"
"Unmatched (Exchange only)","No matching transaction found in user file","N/A","N/A","N/A","N/A","N/A","EXC-1463","2024-06-12T09:58:02.000Z","DOT",42.4654,"BUY"
"Unmatched (Exchange only)","No matching transaction found in user file","N/A","N/A","N/A","N/A","N/A","EXC-1195","2024-06-12T10:07:20.000Z","BTC",0.2303,"TRANSFER_OUT"
"Unmatched (Exchange only)","No matching transaction found in user file","N/A","N/A","N/A","N/A","N/A","EXC-1066","2024-06-12T15:50:37.000Z","DOT",16.3765,"BUY"
"Unmatched (Exchange only)","No matching transaction found in user file","N/A","N/A","N/A","N/A","N/A","EXC-1177","2024-06-12T20:38:12.000Z","UNI",16.2562,"DEPOSIT"
"Unmatched (Exchange only)","No matching transaction found in user file","N/A","N/A","N/A","N/A","N/A","EXC-1025","2024-06-13T16:55:53.000Z","LINK",8.3398,"TRANSFER_IN"
"Unmatched (Exchange only)","No matching transaction found in user file","N/A","N/A","N/A","N/A","N/A","EXC-1118","2024-06-14T11:34:56.000Z","AVAX",3.6519,"BUY"
"Unmatched (Exchange only)","No matching transaction found in user file","N/A","N/A","N/A","N/A","N/A","EXC-1180","2024-06-14T22:09:29.000Z","BTC",0.153,"TRANSFER_IN"
"Unmatched (Exchange only)","No matching transaction found in user file","N/A","N/A","N/A","N/A","N/A","EXC-1428","2024-06-15T12:22:42.000Z","BTC",0.31147,"DEPOSIT"
"Unmatched (Exchange only)","No matching transaction found in user file","N/A","N/A","N/A","N/A","N/A","EXC-1053","2024-06-16T06:54:09.000Z","SOL",27.325,"BUY"
"Unmatched (Exchange only)","No matching transaction found in user file","N/A","N/A","N/A","N/A","N/A","EXC-1466","2024-06-18T07:20:03.000Z","SOL",31.8971,"BUY"
"Unmatched (Exchange only)","No matching transaction found in user file","N/A","N/A","N/A","N/A","N/A","EXC-1097","2024-06-18T12:02:03.000Z","DOT",48.0433,"SELL"
"Unmatched (Exchange only)","No matching transaction found in user file","N/A","N/A","N/A","N/A","N/A","EXC-1121","2024-06-19T09:12:30.000Z","XRP",3513.68,"SELL"
"Unmatched (Exchange only)","No matching transaction found in user file","N/A","N/A","N/A","N/A","N/A","EXC-1396","2024-06-19T13:00:09.000Z","AVAX",39.2351,"BUY"
"Unmatched (Exchange only)","No matching transaction found in user file","N/A","N/A","N/A","N/A","N/A","EXC-1046","2024-06-19T13:10:34.000Z","ETH",13.1903,"STAKING_REWARD"
"Unmatched (Exchange only)","No matching transaction found in user file","N/A","N/A","N/A","N/A","N/A","EXC-1382","2024-06-20T08:10:30.000Z","DOT",16.6776,"BUY"
"Unmatched (Exchange only)","No matching transaction found in user file","N/A","N/A","N/A","N/A","N/A","EXC-1294","2024-06-20T15:46:38.000Z","ADA",206.27,"DEPOSIT"
"Unmatched (Exchange only)","No matching transaction found in user file","N/A","N/A","N/A","N/A","N/A","EXC-1476","2024-06-21T14:04:46.000Z","ETH",0.3368,"TRANSFER_IN"
"Unmatched (Exchange only)","No matching transaction found in user file","N/A","N/A","N/A","N/A","N/A","EXC-1393","2024-06-22T11:57:26.000Z","XRP",1148.91,"BUY"
"Unmatched (Exchange only)","No matching transaction found in user file","N/A","N/A","N/A","N/A","N/A","EXC-1136","2024-06-22T19:07:24.000Z","UNI",29.0382,"TRANSFER_OUT"
"Unmatched (Exchange only)","No matching transaction found in user file","N/A","N/A","N/A","N/A","N/A","EXC-1500","2024-06-22T19:53:33.000Z","MATIC",881.04,"BUY"
"Unmatched (Exchange only)","No matching transaction found in user file","N/A","N/A","N/A","N/A","N/A","EXC-1103","2024-06-23T10:17:22.000Z","LINK",37.9324,"SELL"
"Unmatched (Exchange only)","No matching transaction found in user file","N/A","N/A","N/A","N/A","N/A","EXC-1178","2024-06-24T21:59:45.000Z","ETH",7.1489,"SELL"
"Unmatched (Exchange only)","No matching transaction found in user file","N/A","N/A","N/A","N/A","N/A","EXC-1311","2024-06-25T19:50:25.000Z","XRP",2861.41,"BUY"
"Unmatched (Exchange only)","No matching transaction found in user file","N/A","N/A","N/A","N/A","N/A","EXC-1423","2024-06-25T23:04:14.000Z","ETH",6.0487,"DEPOSIT"
"Unmatched (Exchange only)","No matching transaction found in user file","N/A","N/A","N/A","N/A","N/A","EXC-1071","2024-06-26T05:47:10.000Z","ADA",779.4,"BUY"
"Unmatched (Exchange only)","No matching transaction found in user file","N/A","N/A","N/A","N/A","N/A","EXC-1238","2024-06-26T21:36:27.000Z","ADA",1540.7,"DEPOSIT"
"Unmatched (Exchange only)","No matching transaction found in user file","N/A","N/A","N/A","N/A","N/A","EXC-1179","2024-06-27T06:15:56.000Z","UNI",2.2639,"SELL"
"Unmatched (Exchange only)","No matching transaction found in user file","N/A","N/A","N/A","N/A","N/A","EXC-1333","2024-06-28T06:20:19.000Z","DOT",26.6435,"TRANSFER_OUT"
"Unmatched (Exchange only)","No matching transaction found in user file","N/A","N/A","N/A","N/A","N/A","EXC-1477","2024-06-28T09:47:02.000Z","ETH",13.5771,"DEPOSIT"
"Unmatched (Exchange only)","No matching transaction found in user file","N/A","N/A","N/A","N/A","N/A","EXC-1128","2024-06-28T18:55:53.000Z","DOT",43.259,"CONVERSION"
"Unmatched (Exchange only)","No matching transaction found in user file","N/A","N/A","N/A","N/A","N/A","EXC-1460","2024-06-29T13:06:36.000Z","MATIC",1043.32,"SELL"
"Unmatched (Exchange only)","No matching transaction found in user file","N/A","N/A","N/A","N/A","N/A","EXC-1098","2024-06-29T21:56:15.000Z","LINK",48.2771,"BUY"
"Unmatched (Exchange only)","No matching transaction found in user file","N/A","N/A","N/A","N/A","N/A","EXC-1068","2024-06-29T23:00:14.000Z","LINK",41.7029,"BUY"
"Unmatched (Exchange only)","No matching transaction found in user file","N/A","N/A","N/A","N/A","N/A","EXC-1312","2024-07-01T03:16:11.000Z","LINK",26.2635,"CONVERSION"
"Unmatched (Exchange only)","No matching transaction found in user file","N/A","N/A","N/A","N/A","N/A","EXC-1017","2024-07-01T03:32:28.000Z","DOT",29.8608,"TRANSFER_IN"
"Unmatched (Exchange only)","No matching transaction found in user file","N/A","N/A","N/A","N/A","N/A","EXC-1164","2024-07-02T11:28:58.000Z","DOT",41.1386,"BUY"
"Unmatched (Exchange only)","No matching transaction found in user file","N/A","N/A","N/A","N/A","N/A","EXC-1090","2024-07-03T06:54:32.000Z","ADA",1036.84,"BUY"
"Unmatched (Exchange only)","No matching transaction found in user file","N/A","N/A","N/A","N/A","N/A","EXC-1290","2024-07-03T19:19:11.000Z","MATIC",2561.21,"BUY"
"Unmatched (Exchange only)","No matching transaction found in user file","N/A","N/A","N/A","N/A","N/A","EXC-1433","2024-07-04T21:29:20.000Z","MATIC",4094.69,"BUY"
"Unmatched (Exchange only)","No matching transaction found in user file","N/A","N/A","N/A","N/A","N/A","EXC-1320","2024-07-05T01:58:42.000Z","XRP",1869.34,"STAKING_REWARD"
"Unmatched (Exchange only)","No matching transaction found in user file","N/A","N/A","N/A","N/A","N/A","EXC-1296","2024-07-05T03:44:26.000Z","BTC",1.76473,"DEPOSIT"
"Unmatched (Exchange only)","No matching transaction found in user file","N/A","N/A","N/A","N/A","N/A","EXC-1383","2024-07-05T09:41:39.000Z","UNI",6.8926,"SELL"
"Unmatched (Exchange only)","No matching transaction found in user file","N/A","N/A","N/A","N/A","N/A","EXC-1482","2024-07-05T15:58:58.000Z","LINK",39.7628,"CONVERSION"
"Unmatched (Exchange only)","No matching transaction found in user file","N/A","N/A","N/A","N/A","N/A","EXC-1083","2024-07-08T23:37:42.000Z","DOT",26.9572,"WITHDRAWAL"
"Unmatched (Exchange only)","No matching transaction found in user file","N/A","N/A","N/A","N/A","N/A","EXC-1502","2024-07-10T20:51:26.000Z","DOT",21.9672,"BUY"
"Unmatched (Exchange only)","No matching transaction found in user file","N/A","N/A","N/A","N/A","N/A","EXC-1441","2024-07-11T13:41:16.000Z","LINK",9.5135,"SELL"
"Unmatched (Exchange only)","No matching transaction found in user file","N/A","N/A","N/A","N/A","N/A","EXC-1452","2024-07-12T01:25:49.000Z","LINK",3.2872,"SELL"
"Unmatched (Exchange only)","No matching transaction found in user file","N/A","N/A","N/A","N/A","N/A","EXC-1517","2024-07-14T08:55:29.000Z","AVAX",15.0127,"WITHDRAWAL"
"Unmatched (Exchange only)","No matching transaction found in user file","N/A","N/A","N/A","N/A","N/A","EXC-1183","2024-07-15T17:04:39.000Z","DOT",49.7319,"TRANSFER_OUT"
"Unmatched (Exchange only)","No matching transaction found in user file","N/A","N/A","N/A","N/A","N/A","EXC-1445","2024-07-16T02:57:11.000Z","XRP",1117.93,"BUY"
"Unmatched (Exchange only)","No matching transaction found in user file","N/A","N/A","N/A","N/A","N/A","EXC-1065","2024-07-16T07:43:27.000Z","MATIC",3134.62,"SELL"
"Unmatched (Exchange only)","No matching transaction found in user file","N/A","N/A","N/A","N/A","N/A","EXC-1538","2024-07-18T17:07:40.000Z","ADA",3254.53,"CONVERSION"
"Unmatched (Exchange only)","No matching transaction found in user file","N/A","N/A","N/A","N/A","N/A","EXC-1472","2024-07-18T18:47:27.000Z","MATIC",784.2,"DEPOSIT"
"Unmatched (Exchange only)","No matching transaction found in user file","N/A","N/A","N/A","N/A","N/A","EXC-1531","2024-07-19T11:39:42.000Z","DOT",37.0731,"SELL"
"Unmatched (Exchange only)","No matching transaction found in user file","N/A","N/A","N/A","N/A","N/A","EXC-1398","2024-07-19T18:24:42.000Z","MATIC",3257.45,"BUY"
"Unmatched (Exchange only)","No matching transaction found in user file","N/A","N/A","N/A","N/A","N/A","EXC-1355","2024-07-22T20:30:57.000Z","SOL",45.8533,"SELL"
"Unmatched (Exchange only)","No matching transaction found in user file","N/A","N/A","N/A","N/A","N/A","EXC-1159","2024-07-25T12:54:09.000Z","SOL",10.1197,"TRANSFER_OUT"
"Unmatched (Exchange only)","No matching transaction found in user file","N/A","N/A","N/A","N/A","N/A","EXC-1271","2024-07-26T13:22:32.000Z","LINK",13.7951,"TRANSFER_IN"
"Unmatched (Exchange only)","No matching transaction found in user file","N/A","N/A","N/A","N/A","N/A","EXC-1010","2024-07-26T19:32:40.000Z","XRP",3524.01,"SELL"
"Unmatched (Exchange only)","No matching transaction found in user file","N/A","N/A","N/A","N/A","N/A","EXC-1021","2024-07-28T20:22:36.000Z","LINK",30.4876,"TRANSFER_IN"
"Unmatched (Exchange only)","No matching transaction found in user file","N/A","N/A","N/A","N/A","N/A","EXC-1175","2024-07-29T04:10:22.000Z","UNI",0.2415,"DEPOSIT"
"Unmatched (Exchange only)","No matching transaction found in user file","N/A","N/A","N/A","N/A","N/A","EXC-1412","2024-07-29T21:12:37.000Z","AVAX",27.5313,"SELL"
"Unmatched (Exchange only)","No matching transaction found in user file","N/A","N/A","N/A","N/A","N/A","EXC-1262","2024-07-29T22:24:12.000Z","MATIC",3355.81,"TRANSFER_OUT"
"Unmatched (Exchange only)","No matching transaction found in user file","N/A","N/A","N/A","N/A","N/A","EXC-1389","2024-07-30T12:08:26.000Z","UNI",24.0138,"SELL"
"Unmatched (Exchange only)","No matching transaction found in user file","N/A","N/A","N/A","N/A","N/A","EXC-1241","2024-07-30T16:12:41.000Z","LINK",48.7353,"TRANSFER_IN"
"Unmatched (Exchange only)","No matching transaction found in user file","N/A","N/A","N/A","N/A","N/A","EXC-1348","2024-08-02T18:45:07.000Z","ADA",3493.35,"SELL"
"Unmatched (Exchange only)","No matching transaction found in user file","N/A","N/A","N/A","N/A","N/A","EXC-1131","2024-08-02T20:21:22.000Z","UNI",39.9858,"BUY"
"Unmatched (Exchange only)","No matching transaction found in user file","N/A","N/A","N/A","N/A","N/A","EXC-1459","2024-08-03T04:11:07.000Z","AVAX",43.315,"BUY"
"Unmatched (Exchange only)","No matching transaction found in user file","N/A","N/A","N/A","N/A","N/A","EXC-1515","2024-08-03T08:56:37.000Z","LINK",20.7579,"TRANSFER_IN"
"Unmatched (Exchange only)","No matching transaction found in user file","N/A","N/A","N/A","N/A","N/A","EXC-1407","2024-08-03T21:09:36.000Z","SOL",24.3848,"SELL"
"Unmatched (Exchange only)","No matching transaction found in user file","N/A","N/A","N/A","N/A","N/A","EXC-1340","2024-08-04T05:54:13.000Z","UNI",43.9977,"SELL"
"Unmatched (Exchange only)","No matching transaction found in user file","N/A","N/A","N/A","N/A","N/A","EXC-1343","2024-08-04T19:17:20.000Z","SOL",40.3082,"BUY"
"Unmatched (Exchange only)","No matching transaction found in user file","N/A","N/A","N/A","N/A","N/A","EXC-1524","2024-08-06T21:35:33.000Z","UNI",29.1756,"BUY"
"Unmatched (Exchange only)","No matching transaction found in user file","N/A","N/A","N/A","N/A","N/A","EXC-1042","2024-08-07T21:17:48.000Z","BTC",1.54883,"TRANSFER_IN"
"Unmatched (Exchange only)","No matching transaction found in user file","N/A","N/A","N/A","N/A","N/A","EXC-1364","2024-08-08T03:09:57.000Z","SOL",4.226,"BUY"
"Unmatched (Exchange only)","No matching transaction found in user file","N/A","N/A","N/A","N/A","N/A","EXC-1147","2024-08-08T03:49:54.000Z","BTC",0.73413,"SELL"
"Unmatched (Exchange only)","No matching transaction found in user file","N/A","N/A","N/A","N/A","N/A","EXC-1426","2024-08-08T05:49:36.000Z","XRP",1648.18,"BUY"
"Unmatched (Exchange only)","No matching transaction found in user file","N/A","N/A","N/A","N/A","N/A","EXC-1067","2024-08-09T09:26:43.000Z","DOT",33.8982,"TRANSFER_IN"
"Unmatched (Exchange only)","No matching transaction found in user file","N/A","N/A","N/A","N/A","N/A","EXC-1457","2024-08-10T08:06:04.000Z","MATIC",1278.9,"SELL"
"Unmatched (Exchange only)","No matching transaction found in user file","N/A","N/A","N/A","N/A","N/A","EXC-1378","2024-08-10T12:03:27.000Z","DOT",38.9805,"BUY"
"Unmatched (Exchange only)","No matching transaction found in user file","N/A","N/A","N/A","N/A","N/A","EXC-1516","2024-08-10T19:05:02.000Z","DOT",40.9384,"BUY"
"Unmatched (Exchange only)","No matching transaction found in user file","N/A","N/A","N/A","N/A","N/A","EXC-1418","2024-08-10T19:16:57.000Z","UNI",26.9846,"SELL"
"Unmatched (Exchange only)","No matching transaction found in user file","N/A","N/A","N/A","N/A","N/A","EXC-1300","2024-08-11T02:11:28.000Z","LINK",46.6916,"SELL"
"Unmatched (Exchange only)","No matching transaction found in user file","N/A","N/A","N/A","N/A","N/A","EXC-1110","2024-08-11T07:39:58.000Z","SOL",31.9297,"SELL"
"Unmatched (Exchange only)","No matching transaction found in user file","N/A","N/A","N/A","N/A","N/A","EXC-1191","2024-08-11T07:59:59.000Z","ETH",5.2582,"SELL"
"Unmatched (Exchange only)","No matching transaction found in user file","N/A","N/A","N/A","N/A","N/A","EXC-1406","2024-08-11T14:34:50.000Z","MATIC",3482.51,"BUY"
"Unmatched (Exchange only)","No matching transaction found in user file","N/A","N/A","N/A","N/A","N/A","EXC-1203","2024-08-11T23:27:51.000Z","BTC",1.09111,"WITHDRAWAL"
"Unmatched (Exchange only)","No matching transaction found in user file","N/A","N/A","N/A","N/A","N/A","EXC-1384","2024-08-12T00:35:02.000Z","DOT",48.4394,"BUY"
"Unmatched (Exchange only)","No matching transaction found in user file","N/A","N/A","N/A","N/A","N/A","EXC-1123","2024-08-12T04:00:40.000Z","UNI",29.3974,"BUY"
"Unmatched (Exchange only)","No matching transaction found in user file","N/A","N/A","N/A","N/A","N/A","EXC-1401","2024-08-12T14:16:21.000Z","BTC",1.76213,"SELL"
"Unmatched (Exchange only)","No matching transaction found in user file","N/A","N/A","N/A","N/A","N/A","EXC-1007","2024-08-12T14:18:43.000Z","LINK",14.7296,"SELL"
"Unmatched (Exchange only)","No matching transaction found in user file","N/A","N/A","N/A","N/A","N/A","EXC-1292","2024-08-12T16:56:34.000Z","BTC",1.49268,"WITHDRAWAL"
"Unmatched (Exchange only)","No matching transaction found in user file","N/A","N/A","N/A","N/A","N/A","EXC-1465","2024-08-13T22:10:28.000Z","LINK",20.7115,"BUY"
"Unmatched (Exchange only)","No matching transaction found in user file","N/A","N/A","N/A","N/A","N/A","EXC-1104","2024-08-14T05:29:27.000Z","ETH",4.4206,"DEPOSIT"
"Unmatched (Exchange only)","No matching transaction found in user file","N/A","N/A","N/A","N/A","N/A","EXC-1475","2024-08-14T12:39:04.000Z","ADA",697.04,"BUY"
"Unmatched (Exchange only)","No matching transaction found in user file","N/A","N/A","N/A","N/A","N/A","EXC-1039","2024-08-15T05:55:47.000Z","LINK",3.1418,"TRANSFER_IN"
"Unmatched (Exchange only)","No matching transaction found in user file","N/A","N/A","N/A","N/A","N/A","EXC-1541","2024-08-15T08:48:54.000Z","XRP",1130.13,"SELL"
"Unmatched (Exchange only)","No matching transaction found in user file","N/A","N/A","N/A","N/A","N/A","EXC-1124","2024-08-15T16:40:03.000Z","SOL",23.578,"BUY"
"Unmatched (Exchange only)","No matching transaction found in user file","N/A","N/A","N/A","N/A","N/A","EXC-1403","2024-08-16T08:16:49.000Z","LINK",48.2992,"WITHDRAWAL"
"Unmatched (Exchange only)","No matching transaction found in user file","N/A","N/A","N/A","N/A","N/A","EXC-1444","2024-08-16T11:37:28.000Z","SOL",38.16,"SELL"
"Unmatched (Exchange only)","No matching transaction found in user file","N/A","N/A","N/A","N/A","N/A","EXC-1085","2024-08-18T05:50:25.000Z","AVAX",45.9851,"BUY"
"Unmatched (Exchange only)","No matching transaction found in user file","N/A","N/A","N/A","N/A","N/A","EXC-1400","2024-08-18T08:44:00.000Z","DOT",19.8396,"BUY"
"Unmatched (Exchange only)","No matching transaction found in user file","N/A","N/A","N/A","N/A","N/A","EXC-1506","2024-08-19T01:45:57.000Z","LINK",47.0975,"TRANSFER_OUT"
"Unmatched (Exchange only)","No matching transaction found in user file","N/A","N/A","N/A","N/A","N/A","EXC-1221","2024-08-19T11:11:10.000Z","MATIC",1585.65,"BUY"
"Unmatched (Exchange only)","No matching transaction found in user file","N/A","N/A","N/A","N/A","N/A","EXC-1075","2024-08-19T15:01:04.000Z","AVAX",6.7536,"DEPOSIT"
"Unmatched (Exchange only)","No matching transaction found in user file","N/A","N/A","N/A","N/A","N/A","EXC-1062","2024-08-20T01:26:49.000Z","XRP",933.91,"BUY"
"Unmatched (Exchange only)","No matching transaction found in user file","N/A","N/A","N/A","N/A","N/A","EXC-1282","2024-08-20T10:16:42.000Z","ADA",1114.96,"SELL"
"Unmatched (Exchange only)","No matching transaction found in user file","N/A","N/A","N/A","N/A","N/A","EXC-1370","2024-08-23T09:34:53.000Z","MATIC",315.8,"BUY"
"Unmatched (Exchange only)","No matching transaction found in user file","N/A","N/A","N/A","N/A","N/A","EXC-1113","2024-08-23T20:17:24.000Z","XRP",471.65,"DEPOSIT"
"Unmatched (Exchange only)","No matching transaction found in user file","N/A","N/A","N/A","N/A","N/A","EXC-1276","2024-08-23T23:29:00.000Z","BTC",0.39604,"SELL"
"Unmatched (Exchange only)","No matching transaction found in user file","N/A","N/A","N/A","N/A","N/A","EXC-1155","2024-08-24T03:15:21.000Z","AVAX",41.6587,"STAKING_REWARD"
"Unmatched (Exchange only)","No matching transaction found in user file","N/A","N/A","N/A","N/A","N/A","EXC-1192","2024-08-24T21:14:38.000Z","DOT",42.2732,"BUY"
"Unmatched (Exchange only)","No matching transaction found in user file","N/A","N/A","N/A","N/A","N/A","EXC-1314","2024-08-25T15:30:31.000Z","XRP",2860.52,"TRANSFER_OUT"
"Unmatched (Exchange only)","No matching transaction found in user file","N/A","N/A","N/A","N/A","N/A","EXC-1253","2024-08-27T03:49:52.000Z","MATIC",2263.29,"TRANSFER_OUT"
"Unmatched (Exchange only)","No matching transaction found in user file","N/A","N/A","N/A","N/A","N/A","EXC-1213","2024-08-27T05:17:37.000Z","BTC",0.14317,"SELL"
"Unmatched (Exchange only)","No matching transaction found in user file","N/A","N/A","N/A","N/A","N/A","EXC-1236","2024-08-27T08:27:41.000Z","AVAX",34.834,"BUY"
"Unmatched (Exchange only)","No matching transaction found in user file","N/A","N/A","N/A","N/A","N/A","EXC-1144","2024-08-28T04:08:21.000Z","MATIC",3152.66,"SELL"
"Unmatched (Exchange only)","No matching transaction found in user file","N/A","N/A","N/A","N/A","N/A","EXC-1148","2024-08-29T01:07:09.000Z","SOL",8.5822,"TRANSFER_OUT"
"Unmatched (Exchange only)","No matching transaction found in user file","N/A","N/A","N/A","N/A","N/A","EXC-1055","2024-08-29T09:59:04.000Z","ADA",3351.32,"SELL"
"Unmatched (Exchange only)","No matching transaction found in user file","N/A","N/A","N/A","N/A","N/A","EXC-1436","2024-09-01T07:07:48.000Z","BTC",1.52619,"SELL"
"Unmatched (Exchange only)","No matching transaction found in user file","N/A","N/A","N/A","N/A","N/A","EXC-1399","2024-09-01T22:47:29.000Z","SOL",16.6164,"BUY"
"Unmatched (Exchange only)","No matching transaction found in user file","N/A","N/A","N/A","N/A","N/A","EXC-1481","2024-09-02T08:03:25.000Z","BTC",0.22022,"SELL"
"Unmatched (Exchange only)","No matching transaction found in user file","N/A","N/A","N/A","N/A","N/A","EXC-1422","2024-09-03T10:50:19.000Z","XRP",3157.67,"TRANSFER_IN"
"Unmatched (Exchange only)","No matching transaction found in user file","N/A","N/A","N/A","N/A","N/A","EXC-1371","2024-09-03T15:27:15.000Z","UNI",19.8955,"TRANSFER_OUT"
"Unmatched (Exchange only)","No matching transaction found in user file","N/A","N/A","N/A","N/A","N/A","EXC-1534","2024-09-04T03:26:55.000Z","MATIC",3537.94,"SELL"
"Unmatched (Exchange only)","No matching transaction found in user file","N/A","N/A","N/A","N/A","N/A","EXC-1363","2024-09-04T15:55:20.000Z","BTC",0.23466,"DEPOSIT"
"Unmatched (Exchange only)","No matching transaction found in user file","N/A","N/A","N/A","N/A","N/A","EXC-1051","2024-09-04T19:19:37.000Z","XRP",268.23,"TRANSFER_IN"
"Unmatched (Exchange only)","No matching transaction found in user file","N/A","N/A","N/A","N/A","N/A","EXC-1254","2024-09-04T23:02:51.000Z","XRP",3215.37,"CONVERSION"
"Unmatched (Exchange only)","No matching transaction found in user file","N/A","N/A","N/A","N/A","N/A","EXC-1149","2024-09-05T02:42:07.000Z","AVAX",45.6502,"TRANSFER_OUT"
"Unmatched (Exchange only)","No matching transaction found in user file","N/A","N/A","N/A","N/A","N/A","EXC-1304","2024-09-05T03:04:27.000Z","UNI",12.0402,"BUY"
"Unmatched (Exchange only)","No matching transaction found in user file","N/A","N/A","N/A","N/A","N/A","EXC-1319","2024-09-05T10:13:15.000Z","LINK",46.163,"SELL"
"Unmatched (Exchange only)","No matching transaction found in user file","N/A","N/A","N/A","N/A","N/A","EXC-1267","2024-09-05T20:18:41.000Z","ETH",6.7551,"CONVERSION"
"Unmatched (Exchange only)","No matching transaction found in user file","N/A","N/A","N/A","N/A","N/A","EXC-1273","2024-09-06T11:46:55.000Z","BTC",2.06327,"STAKING_REWARD"
"Unmatched (Exchange only)","No matching transaction found in user file","N/A","N/A","N/A","N/A","N/A","EXC-1172","2024-09-06T14:07:08.000Z","ETH",14.2357,"BUY"
"Unmatched (Exchange only)","No matching transaction found in user file","N/A","N/A","N/A","N/A","N/A","EXC-1391","2024-09-07T21:07:35.000Z","MATIC",873.38,"TRANSFER_OUT"
"Unmatched (Exchange only)","No matching transaction found in user file","N/A","N/A","N/A","N/A","N/A","EXC-1132","2024-09-08T22:05:30.000Z","ADA",4961.67,"SELL"
"Unmatched (Exchange only)","No matching transaction found in user file","N/A","N/A","N/A","N/A","N/A","EXC-1306","2024-09-10T00:27:36.000Z","SOL",20.4047,"CONVERSION"
"Unmatched (Exchange only)","No matching transaction found in user file","N/A","N/A","N/A","N/A","N/A","EXC-1184","2024-09-10T03:58:58.000Z","ETH",11.8985,"TRANSFER_IN"
"Unmatched (Exchange only)","No matching transaction found in user file","N/A","N/A","N/A","N/A","N/A","EXC-1503","2024-09-10T04:28:33.000Z","MATIC",2752.82,"WITHDRAWAL"
"Unmatched (Exchange only)","No matching transaction found in user file","N/A","N/A","N/A","N/A","N/A","EXC-1307","2024-09-10T16:51:53.000Z","XRP",1639.78,"BUY"
"Unmatched (Exchange only)","No matching transaction found in user file","N/A","N/A","N/A","N/A","N/A","EXC-1456","2024-09-12T00:35:51.000Z","BTC",1.38261,"STAKING_REWARD"
"Unmatched (Exchange only)","No matching transaction found in user file","N/A","N/A","N/A","N/A","N/A","EXC-1302","2024-09-12T03:06:09.000Z","XRP",258.23,"DEPOSIT"
"Unmatched (Exchange only)","No matching transaction found in user file","N/A","N/A","N/A","N/A","N/A","EXC-1190","2024-09-12T10:13:33.000Z","MATIC",562.82,"TRANSFER_IN"
"Unmatched (Exchange only)","No matching transaction found in user file","N/A","N/A","N/A","N/A","N/A","EXC-1069","2024-09-13T05:56:02.000Z","ADA",2580.31,"SELL"
"Unmatched (Exchange only)","No matching transaction found in user file","N/A","N/A","N/A","N/A","N/A","EXC-1545","2024-09-13T21:35:19.000Z","ADA",4503.45,"SELL"
"Unmatched (Exchange only)","No matching transaction found in user file","N/A","N/A","N/A","N/A","N/A","EXC-1508","2024-09-13T22:13:07.000Z","BTC",0.25404,"SELL"
"Unmatched (Exchange only)","No matching transaction found in user file","N/A","N/A","N/A","N/A","N/A","EXC-1225","2024-09-14T10:37:39.000Z","ETH",7.6203,"BUY"
"Unmatched (Exchange only)","No matching transaction found in user file","N/A","N/A","N/A","N/A","N/A","EXC-1197","2024-09-14T10:42:56.000Z","SOL",37.7464,"BUY"
"Unmatched (Exchange only)","No matching transaction found in user file","N/A","N/A","N/A","N/A","N/A","EXC-1220","2024-09-15T02:18:47.000Z","UNI",43.6767,"TRANSFER_OUT"
"Unmatched (Exchange only)","No matching transaction found in user file","N/A","N/A","N/A","N/A","N/A","EXC-1240","2024-09-15T09:23:21.000Z","DOT",0.1781,"BUY"
"Unmatched (Exchange only)","No matching transaction found in user file","N/A","N/A","N/A","N/A","N/A","EXC-1186","2024-09-15T16:15:16.000Z","AVAX",19.9966,"SELL"
"Unmatched (Exchange only)","No matching transaction found in user file","N/A","N/A","N/A","N/A","N/A","EXC-1047","2024-09-16T17:56:10.000Z","XRP",3077.8,"DEPOSIT"
"Unmatched (Exchange only)","No matching transaction found in user file","N/A","N/A","N/A","N/A","N/A","EXC-1188","2024-09-17T13:58:34.000Z","MATIC",4068.26,"SELL"
"Unmatched (Exchange only)","No matching transaction found in user file","N/A","N/A","N/A","N/A","N/A","EXC-1125","2024-09-17T15:05:49.000Z","AVAX",48.4559,"SELL"
"Unmatched (Exchange only)","No matching transaction found in user file","N/A","N/A","N/A","N/A","N/A","EXC-1402","2024-09-17T20:23:25.000Z","LINK",9.4293,"BUY"
"Unmatched (Exchange only)","No matching transaction found in user file","N/A","N/A","N/A","N/A","N/A","EXC-1026","2024-09-18T05:34:34.000Z","LINK",37.7877,"CONVERSION"
"Unmatched (Exchange only)","No matching transaction found in user file","N/A","N/A","N/A","N/A","N/A","EXC-1163","2024-09-18T11:40:13.000Z","BTC",0.66188,"DEPOSIT"
"Unmatched (Exchange only)","No matching transaction found in user file","N/A","N/A","N/A","N/A","N/A","EXC-1326","2024-09-18T15:38:58.000Z","SOL",25.7111,"BUY"
"Unmatched (Exchange only)","No matching transaction found in user file","N/A","N/A","N/A","N/A","N/A","EXC-1070","2024-09-18T15:54:36.000Z","LINK",33.2263,"BUY"
"Unmatched (Exchange only)","No matching transaction found in user file","N/A","N/A","N/A","N/A","N/A","EXC-1387","2024-09-18T17:36:22.000Z","ADA",2220.35,"SELL"
"Unmatched (Exchange only)","No matching transaction found in user file","N/A","N/A","N/A","N/A","N/A","EXC-1332","2024-09-18T22:28:25.000Z","ADA",4182.37,"SELL"
"Unmatched (Exchange only)","No matching transaction found in user file","N/A","N/A","N/A","N/A","N/A","EXC-1297","2024-09-19T20:33:06.000Z","MATIC",4785.59,"SELL"
"Unmatched (Exchange only)","No matching transaction found in user file","N/A","N/A","N/A","N/A","N/A","EXC-1150","2024-09-20T12:47:28.000Z","XRP",3350.86,"BUY"
"Unmatched (Exchange only)","No matching transaction found in user file","N/A","N/A","N/A","N/A","N/A","EXC-1550","2024-09-21T08:22:42.000Z","XRP",533.14,"SELL"
"Unmatched (Exchange only)","No matching transaction found in user file","N/A","N/A","N/A","N/A","N/A","EXC-1330","2024-09-22T12:30:29.000Z","DOT",22.482,"CONVERSION"
"Unmatched (Exchange only)","No matching transaction found in user file","N/A","N/A","N/A","N/A","N/A","EXC-1478","2024-09-22T17:00:21.000Z","UNI",21.7145,"BUY"
"Unmatched (Exchange only)","No matching transaction found in user file","N/A","N/A","N/A","N/A","N/A","EXC-1011","2024-09-24T15:08:03.000Z","SOL",23.1668,"TRANSFER_OUT"
"Unmatched (Exchange only)","No matching transaction found in user file","N/A","N/A","N/A","N/A","N/A","EXC-1151","2024-09-25T11:11:17.000Z","ETH",6.6315,"SELL"
"Unmatched (Exchange only)","No matching transaction found in user file","N/A","N/A","N/A","N/A","N/A","EXC-1527","2024-09-25T13:03:16.000Z","UNI",34.0726,"BUY"
"Unmatched (Exchange only)","No matching transaction found in user file","N/A","N/A","N/A","N/A","N/A","EXC-1495","2024-09-26T17:27:05.000Z","AVAX",32.4941,"STAKING_REWARD"
"Unmatched (Exchange only)","No matching transaction found in user file","N/A","N/A","N/A","N/A","N/A","EXC-1079","2024-09-26T21:04:51.000Z","MATIC",4470.48,"BUY"
"Unmatched (Exchange only)","No matching transaction found in user file","N/A","N/A","N/A","N/A","N/A","EXC-1341","2024-09-27T19:03:53.000Z","MATIC",4710.85,"SELL"
"Unmatched (Exchange only)","No matching transaction found in user file","N/A","N/A","N/A","N/A","N/A","EXC-1488","2024-09-30T13:39:21.000Z","MATIC",4040.74,"BUY"
"Unmatched (Exchange only)","No matching transaction found in user file","N/A","N/A","N/A","N/A","N/A","EXC-1431","2024-09-30T15:56:28.000Z","XRP",3643.64,"BUY"
"Unmatched (Exchange only)","No matching transaction found in user file","N/A","N/A","N/A","N/A","N/A","EXC-1117","2024-10-01T22:18:21.000Z","AVAX",34.4996,"BUY"
"Unmatched (Exchange only)","No matching transaction found in user file","N/A","N/A","N/A","N/A","N/A","EXC-1028","2024-10-02T06:33:20.000Z","BTC",1.47118,"BUY"
"Unmatched (Exchange only)","No matching transaction found in user file","N/A","N/A","N/A","N/A","N/A","EXC-1373","2024-10-04T07:39:11.000Z","DOT",4.3761,"TRANSFER_OUT"
"Unmatched (Exchange only)","No matching transaction found in user file","N/A","N/A","N/A","N/A","N/A","EXC-1287","2024-10-04T12:09:29.000Z","UNI",25.5052,"BUY"
"Unmatched (Exchange only)","No matching transaction found in user file","N/A","N/A","N/A","N/A","N/A","EXC-1239","2024-10-06T10:19:06.000Z","AVAX",29.8773,"BUY"
"Unmatched (Exchange only)","No matching transaction found in user file","N/A","N/A","N/A","N/A","N/A","EXC-1102","2024-10-07T00:34:56.000Z","XRP",2801.17,"WITHDRAWAL"
"Unmatched (Exchange only)","No matching transaction found in user file","N/A","N/A","N/A","N/A","N/A","EXC-1354","2024-10-07T02:48:31.000Z","AVAX",23.0954,"DEPOSIT"
"Unmatched (Exchange only)","No matching transaction found in user file","N/A","N/A","N/A","N/A","N/A","EXC-1501","2024-10-07T03:44:28.000Z","ADA",1285.23,"BUY"
"Unmatched (Exchange only)","No matching transaction found in user file","N/A","N/A","N/A","N/A","N/A","EXC-1439","2024-10-07T10:52:53.000Z","ADA",1420.99,"DEPOSIT"
"Unmatched (Exchange only)","No matching transaction found in user file","N/A","N/A","N/A","N/A","N/A","EXC-1226","2024-10-07T10:54:45.000Z","UNI",6.6393,"SELL"
"Unmatched (Exchange only)","No matching transaction found in user file","N/A","N/A","N/A","N/A","N/A","EXC-1019","2024-10-07T19:23:08.000Z","ETH",4.4096,"TRANSFER_IN"
"Unmatched (Exchange only)","No matching transaction found in user file","N/A","N/A","N/A","N/A","N/A","EXC-1369","2024-10-08T14:41:37.000Z","LINK",16.6533,"DEPOSIT"
"Unmatched (Exchange only)","No matching transaction found in user file","N/A","N/A","N/A","N/A","N/A","EXC-1084","2024-10-08T14:51:34.000Z","DOT",24.3335,"BUY"
"Unmatched (Exchange only)","No matching transaction found in user file","N/A","N/A","N/A","N/A","N/A","EXC-1386","2024-10-09T19:07:11.000Z","UNI",49.8635,"SELL"
"Unmatched (Exchange only)","No matching transaction found in user file","N/A","N/A","N/A","N/A","N/A","EXC-1032","2024-10-10T04:26:33.000Z","BTC",1.68374,"SELL"
"Unmatched (Exchange only)","No matching transaction found in user file","N/A","N/A","N/A","N/A","N/A","EXC-1037","2024-10-11T01:48:10.000Z","XRP",4636.26,"CONVERSION"
"Unmatched (Exchange only)","No matching transaction found in user file","N/A","N/A","N/A","N/A","N/A","EXC-1424","2024-10-11T05:46:45.000Z","MATIC",2930.68,"CONVERSION"
"Unmatched (Exchange only)","No matching transaction found in user file","N/A","N/A","N/A","N/A","N/A","EXC-1494","2024-10-11T19:00:56.000Z","DOT",29.3422,"SELL"
"Unmatched (Exchange only)","No matching transaction found in user file","N/A","N/A","N/A","N/A","N/A","EXC-1001","2024-10-13T09:24:33.000Z","BTC",1.85413,"TRANSFER_IN"
"Unmatched (Exchange only)","No matching transaction found in user file","N/A","N/A","N/A","N/A","N/A","EXC-1206","2024-10-17T00:24:17.000Z","DOT",29.4847,"BUY"
"Unmatched (Exchange only)","No matching transaction found in user file","N/A","N/A","N/A","N/A","N/A","EXC-1536","2024-10-18T05:49:25.000Z","AVAX",29.3853,"CONVERSION"
"Unmatched (Exchange only)","No matching transaction found in user file","N/A","N/A","N/A","N/A","N/A","EXC-1088","2024-10-18T06:24:43.000Z","DOT",12.6883,"TRANSFER_OUT"
"Unmatched (Exchange only)","No matching transaction found in user file","N/A","N/A","N/A","N/A","N/A","EXC-1367","2024-10-19T12:31:11.000Z","MATIC",127.51,"STAKING_REWARD"
"Unmatched (Exchange only)","No matching transaction found in user file","N/A","N/A","N/A","N/A","N/A","EXC-1227","2024-10-19T13:47:38.000Z","DOT",18.2785,"SELL"
"Unmatched (Exchange only)","No matching transaction found in user file","N/A","N/A","N/A","N/A","N/A","EXC-1089","2024-10-20T06:57:46.000Z","MATIC",1159.9,"SELL"
"Unmatched (Exchange only)","No matching transaction found in user file","N/A","N/A","N/A","N/A","N/A","EXC-1347","2024-10-20T07:52:19.000Z","BTC",0.53031,"CONVERSION"
"Unmatched (Exchange only)","No matching transaction found in user file","N/A","N/A","N/A","N/A","N/A","EXC-1286","2024-10-20T13:47:07.000Z","DOT",18.7226,"CONVERSION"
"Unmatched (Exchange only)","No matching transaction found in user file","N/A","N/A","N/A","N/A","N/A","EXC-1129","2024-10-22T12:37:30.000Z","ADA",2616.27,"SELL"
"Unmatched (Exchange only)","No matching transaction found in user file","N/A","N/A","N/A","N/A","N/A","EXC-1145","2024-10-22T16:09:33.000Z","XRP",4987.26,"BUY"
"Unmatched (Exchange only)","No matching transaction found in user file","N/A","N/A","N/A","N/A","N/A","EXC-1277","2024-10-22T18:54:41.000Z","MATIC",3684.29,"BUY"
"Unmatched (Exchange only)","No matching transaction found in user file","N/A","N/A","N/A","N/A","N/A","EXC-1321","2024-10-23T06:02:46.000Z","UNI",18.7439,"BUY"
"Unmatched (Exchange only)","No matching transaction found in user file","N/A","N/A","N/A","N/A","N/A","EXC-1115","2024-10-23T14:13:30.000Z","UNI",49.5026,"SELL"
"Unmatched (Exchange only)","No matching transaction found in user file","N/A","N/A","N/A","N/A","N/A","EXC-1280","2024-10-23T17:48:24.000Z","MATIC",4672.07,"STAKING_REWARD"
"Unmatched (Exchange only)","No matching transaction found in user file","N/A","N/A","N/A","N/A","N/A","EXC-1353","2024-10-23T20:02:12.000Z","ADA",2521.54,"SELL"
"Unmatched (Exchange only)","No matching transaction found in user file","N/A","N/A","N/A","N/A","N/A","EXC-1486","2024-10-24T02:27:34.000Z","ADA",1369.31,"BUY"
"Unmatched (Exchange only)","No matching transaction found in user file","N/A","N/A","N/A","N/A","N/A","EXC-1200","2024-10-24T03:29:44.000Z","UNI",2.8336,"BUY"
"Unmatched (Exchange only)","No matching transaction found in user file","N/A","N/A","N/A","N/A","N/A","EXC-1077","2024-10-24T18:54:03.000Z","AVAX",22.5585,"BUY"
"Unmatched (Exchange only)","No matching transaction found in user file","N/A","N/A","N/A","N/A","N/A","EXC-1091","2024-10-25T05:00:30.000Z","UNI",47.3931,"TRANSFER_IN"
"Unmatched (Exchange only)","No matching transaction found in user file","N/A","N/A","N/A","N/A","N/A","EXC-1156","2024-10-25T10:20:45.000Z","ADA",3201.26,"DEPOSIT"
"Unmatched (Exchange only)","No matching transaction found in user file","N/A","N/A","N/A","N/A","N/A","EXC-1018","2024-10-25T20:51:33.000Z","LINK",43.0529,"SELL"
"Unmatched (Exchange only)","No matching transaction found in user file","N/A","N/A","N/A","N/A","N/A","EXC-1243","2024-10-26T23:54:50.000Z","BTC",0.89338,"BUY"
"Unmatched (Exchange only)","No matching transaction found in user file","N/A","N/A","N/A","N/A","N/A","EXC-1301","2024-10-27T14:28:54.000Z","DOT",44.7984,"TRANSFER_OUT"
"Unmatched (Exchange only)","No matching transaction found in user file","N/A","N/A","N/A","N/A","N/A","EXC-1229","2024-10-29T13:38:30.000Z","MATIC",3407.62,"DEPOSIT"
"Unmatched (Exchange only)","No matching transaction found in user file","N/A","N/A","N/A","N/A","N/A","EXC-1073","2024-10-29T16:24:14.000Z","BTC",2.23176,"TRANSFER_IN"
"Unmatched (Exchange only)","No matching transaction found in user file","N/A","N/A","N/A","N/A","N/A","EXC-1537","2024-10-30T05:32:37.000Z","ETH",4.2832,"DEPOSIT"
"Unmatched (Exchange only)","No matching transaction found in user file","N/A","N/A","N/A","N/A","N/A","EXC-1411","2024-10-30T14:01:33.000Z","ADA",1495.85,"SELL"
"Unmatched (Exchange only)","No matching transaction found in user file","N/A","N/A","N/A","N/A","N/A","EXC-1427","2024-10-31T19:22:55.000Z","MATIC",4476.07,"WITHDRAWAL"
"Unmatched (Exchange only)","No matching transaction found in user file","N/A","N/A","N/A","N/A","N/A","EXC-1522","2024-11-01T20:10:59.000Z","DOT",27.6475,"SELL"
"Unmatched (Exchange only)","No matching transaction found in user file","N/A","N/A","N/A","N/A","N/A","EXC-1173","2024-11-02T00:10:03.000Z","BTC",0.1274,"TRANSFER_IN"
"Unmatched (Exchange only)","No matching transaction found in user file","N/A","N/A","N/A","N/A","N/A","EXC-1176","2024-11-03T04:11:26.000Z","SOL",5.5853,"BUY"
"Unmatched (Exchange only)","No matching transaction found in user file","N/A","N/A","N/A","N/A","N/A","EXC-1263","2024-11-04T14:47:11.000Z","XRP",4264.24,"BUY"
"Unmatched (Exchange only)","No matching transaction found in user file","N/A","N/A","N/A","N/A","N/A","EXC-1291","2024-11-05T19:17:35.000Z","MATIC",1689.64,"DEPOSIT"
"Unmatched (Exchange only)","No matching transaction found in user file","N/A","N/A","N/A","N/A","N/A","EXC-1250","2024-11-07T12:14:29.000Z","AVAX",34.6342,"CONVERSION"
"Unmatched (Exchange only)","No matching transaction found in user file","N/A","N/A","N/A","N/A","N/A","EXC-1012","2024-11-09T00:34:14.000Z","MATIC",4222.12,"SELL"
"Unmatched (Exchange only)","No matching transaction found in user file","N/A","N/A","N/A","N/A","N/A","EXC-1359","2024-11-09T11:01:39.000Z","XRP",2701.9,"BUY"
"Unmatched (Exchange only)","No matching transaction found in user file","N/A","N/A","N/A","N/A","N/A","EXC-1160","2024-11-09T14:01:03.000Z","XRP",4160.84,"SELL"
"Unmatched (Exchange only)","No matching transaction found in user file","N/A","N/A","N/A","N/A","N/A","EXC-1451","2024-11-09T19:47:25.000Z","XRP",3678.03,"SELL"
"Unmatched (Exchange only)","No matching transaction found in user file","N/A","N/A","N/A","N/A","N/A","EXC-1484","2024-11-10T10:12:01.000Z","UNI",11.0291,"BUY"
"Unmatched (Exchange only)","No matching transaction found in user file","N/A","N/A","N/A","N/A","N/A","EXC-1325","2024-11-10T10:33:23.000Z","UNI",24.4925,"TRANSFER_OUT"
"Unmatched (Exchange only)","No matching transaction found in user file","N/A","N/A","N/A","N/A","N/A","EXC-1261","2024-11-11T03:31:50.000Z","ETH",6.7861,"BUY"
"Unmatched (Exchange only)","No matching transaction found in user file","N/A","N/A","N/A","N/A","N/A","EXC-1245","2024-11-11T12:42:23.000Z","AVAX",49.0429,"TRANSFER_IN"
"Unmatched (Exchange only)","No matching transaction found in user file","N/A","N/A","N/A","N/A","N/A","EXC-1222","2024-11-12T04:25:53.000Z","ETH",4.6506,"TRANSFER_OUT"
"Unmatched (Exchange only)","No matching transaction found in user file","N/A","N/A","N/A","N/A","N/A","EXC-1244","2024-11-12T07:27:07.000Z","MATIC",710.38,"TRANSFER_IN"
"Unmatched (Exchange only)","No matching transaction found in user file","N/A","N/A","N/A","N/A","N/A","EXC-1126","2024-11-12T07:59:06.000Z","SOL",16.5572,"BUY"
"Unmatched (Exchange only)","No matching transaction found in user file","N/A","N/A","N/A","N/A","N/A","EXC-1058","2024-11-13T12:08:19.000Z","ETH",5.7443,"BUY"
"Unmatched (Exchange only)","No matching transaction found in user file","N/A","N/A","N/A","N/A","N/A","EXC-1096","2024-11-15T17:40:46.000Z","MATIC",391.34,"SELL"
"Unmatched (Exchange only)","No matching transaction found in user file","N/A","N/A","N/A","N/A","N/A","EXC-1425","2024-11-16T17:08:14.000Z","MATIC",4258.03,"CONVERSION"
"Unmatched (Exchange only)","No matching transaction found in user file","N/A","N/A","N/A","N/A","N/A","EXC-1362","2024-11-17T23:05:52.000Z","AVAX",28.2936,"CONVERSION"
"Unmatched (Exchange only)","No matching transaction found in user file","N/A","N/A","N/A","N/A","N/A","EXC-1153","2024-11-18T17:30:38.000Z","UNI",14.864,"TRANSFER_IN"
"Unmatched (Exchange only)","No matching transaction found in user file","N/A","N/A","N/A","N/A","N/A","EXC-1268","2024-11-19T06:07:26.000Z","SOL",21.6877,"TRANSFER_IN"
"Unmatched (Exchange only)","No matching transaction found in user file","N/A","N/A","N/A","N/A","N/A","EXC-1520","2024-11-20T07:27:04.000Z","ETH",14.8243,"BUY"
"Unmatched (Exchange only)","No matching transaction found in user file","N/A","N/A","N/A","N/A","N/A","EXC-1368","2024-11-20T12:30:25.000Z","DOT",46.4509,"DEPOSIT"
"Unmatched (Exchange only)","No matching transaction found in user file","N/A","N/A","N/A","N/A","N/A","EXC-1133","2024-11-20T13:11:27.000Z","AVAX",46.6394,"DEPOSIT"
"Unmatched (Exchange only)","No matching transaction found in user file","N/A","N/A","N/A","N/A","N/A","EXC-1309","2024-11-21T02:58:43.000Z","DOT",44.124,"STAKING_REWARD"
"Unmatched (Exchange only)","No matching transaction found in user file","N/A","N/A","N/A","N/A","N/A","EXC-1489","2024-11-21T07:34:47.000Z","UNI",28.224,"TRANSFER_OUT"
"Unmatched (Exchange only)","No matching transaction found in user file","N/A","N/A","N/A","N/A","N/A","EXC-1272","2024-11-23T13:56:55.000Z","SOL",29.6312,"BUY"
"Unmatched (Exchange only)","No matching transaction found in user file","N/A","N/A","N/A","N/A","N/A","EXC-1289","2024-11-23T14:37:09.000Z","MATIC",854.39,"STAKING_REWARD"
"Unmatched (Exchange only)","No matching transaction found in user file","N/A","N/A","N/A","N/A","N/A","EXC-1205","2024-11-24T08:09:53.000Z","UNI",23.0588,"BUY"
"Unmatched (Exchange only)","No matching transaction found in user file","N/A","N/A","N/A","N/A","N/A","EXC-1344","2024-11-25T08:51:19.000Z","DOT",12.2186,"SELL"
"Unmatched (Exchange only)","No matching transaction found in user file","N/A","N/A","N/A","N/A","N/A","EXC-1255","2024-11-25T23:10:16.000Z","LINK",40.0747,"SELL"
"Unmatched (Exchange only)","No matching transaction found in user file","N/A","N/A","N/A","N/A","N/A","EXC-1342","2024-11-26T05:25:52.000Z","SOL",15.0644,"SELL"
"Unmatched (Exchange only)","No matching transaction found in user file","N/A","N/A","N/A","N/A","N/A","EXC-1497","2024-11-26T18:37:46.000Z","XRP",680.37,"BUY"
"Unmatched (Exchange only)","No matching transaction found in user file","N/A","N/A","N/A","N/A","N/A","EXC-1540","2024-11-27T02:21:30.000Z","XRP",3578.07,"BUY"
"Unmatched (Exchange only)","No matching transaction found in user file","N/A","N/A","N/A","N/A","N/A","EXC-1470","2024-11-27T10:42:35.000Z","MATIC",4824.94,"BUY"
"Unmatched (Exchange only)","No matching transaction found in user file","N/A","N/A","N/A","N/A","N/A","EXC-1082","2024-11-27T19:42:41.000Z","UNI",19.081,"WITHDRAWAL"
"Unmatched (Exchange only)","No matching transaction found in user file","N/A","N/A","N/A","N/A","N/A","EXC-1473","2024-11-28T06:27:41.000Z","XRP",1337.83,"BUY"
"Unmatched (Exchange only)","No matching transaction found in user file","N/A","N/A","N/A","N/A","N/A","EXC-1008","2024-11-28T13:08:20.000Z","ETH",0.6969,"BUY"
"Unmatched (Exchange only)","No matching transaction found in user file","N/A","N/A","N/A","N/A","N/A","EXC-1081","2024-11-29T02:19:16.000Z","DOT",19.5349,"BUY"
"Unmatched (Exchange only)","No matching transaction found in user file","N/A","N/A","N/A","N/A","N/A","EXC-1143","2024-11-30T02:38:58.000Z","DOT",32.5268,"TRANSFER_IN"
"Unmatched (Exchange only)","No matching transaction found in user file","N/A","N/A","N/A","N/A","N/A","EXC-1161","2024-11-30T10:05:29.000Z","MATIC",4030.95,"BUY"
"Unmatched (Exchange only)","No matching transaction found in user file","N/A","N/A","N/A","N/A","N/A","EXC-1134","2024-12-01T22:18:53.000Z","AVAX",12.2622,"SELL"
"Unmatched (Exchange only)","No matching transaction found in user file","N/A","N/A","N/A","N/A","N/A","EXC-1279","2024-12-02T10:15:01.000Z","BTC",0.72624,"BUY"
"Unmatched (Exchange only)","No matching transaction found in user file","N/A","N/A","N/A","N/A","N/A","EXC-1408","2024-12-02T12:15:06.000Z","XRP",744.47,"BUY"
"Unmatched (Exchange only)","No matching transaction found in user file","N/A","N/A","N/A","N/A","N/A","EXC-1137","2024-12-04T02:16:30.000Z","MATIC",1695.58,"SELL"
"Unmatched (Exchange only)","No matching transaction found in user file","N/A","N/A","N/A","N/A","N/A","EXC-1020","2024-12-04T10:49:16.000Z","XRP",4860.85,"WITHDRAWAL"
"Unmatched (Exchange only)","No matching transaction found in user file","N/A","N/A","N/A","N/A","N/A","EXC-1141","2024-12-04T14:41:01.000Z","ETH",7.894,"DEPOSIT"
"Unmatched (Exchange only)","No matching transaction found in user file","N/A","N/A","N/A","N/A","N/A","EXC-1295","2024-12-05T08:15:02.000Z","SOL",20.7067,"BUY"
"Unmatched (Exchange only)","No matching transaction found in user file","N/A","N/A","N/A","N/A","N/A","EXC-1230","2024-12-05T09:58:03.000Z","LINK",20.9912,"SELL"
"Unmatched (Exchange only)","No matching transaction found in user file","N/A","N/A","N/A","N/A","N/A","EXC-1345","2024-12-05T15:43:58.000Z","LINK",36.2568,"SELL"
"Unmatched (Exchange only)","No matching transaction found in user file","N/A","N/A","N/A","N/A","N/A","EXC-1140","2024-12-05T21:02:41.000Z","BTC",0.31649,"SELL"
"Unmatched (Exchange only)","No matching transaction found in user file","N/A","N/A","N/A","N/A","N/A","EXC-1549","2024-12-06T18:31:24.000Z","MATIC",2561.21,"STAKING_REWARD"
"Unmatched (Exchange only)","No matching transaction found in user file","N/A","N/A","N/A","N/A","N/A","EXC-1310","2024-12-06T20:50:19.000Z","AVAX",9.397,"SELL"
"Unmatched (Exchange only)","No matching transaction found in user file","N/A","N/A","N/A","N/A","N/A","EXC-1532","2024-12-07T20:58:25.000Z","ETH",4.6737,"DEPOSIT"
"Unmatched (Exchange only)","No matching transaction found in user file","N/A","N/A","N/A","N/A","N/A","EXC-1434","2024-12-08T12:24:45.000Z","DOT",4.5576,"BUY"
"Unmatched (Exchange only)","No matching transaction found in user file","N/A","N/A","N/A","N/A","N/A","EXC-1056","2024-12-08T16:23:40.000Z","ADA",4329.8,"TRANSFER_OUT"
"Unmatched (Exchange only)","No matching transaction found in user file","N/A","N/A","N/A","N/A","N/A","EXC-1283","2024-12-09T02:05:00.000Z","AVAX",14.3588,"WITHDRAWAL"
"Unmatched (Exchange only)","No matching transaction found in user file","N/A","N/A","N/A","N/A","N/A","EXC-1480","2024-12-09T05:05:33.000Z","UNI",12.3647,"TRANSFER_IN"
"Unmatched (Exchange only)","No matching transaction found in user file","N/A","N/A","N/A","N/A","N/A","EXC-1196","2024-12-09T10:20:45.000Z","SOL",18.5656,"SELL"
"Unmatched (Exchange only)","No matching transaction found in user file","N/A","N/A","N/A","N/A","N/A","EXC-1168","2024-12-10T05:39:16.000Z","LINK",21.0144,"TRANSFER_OUT"
"Unmatched (Exchange only)","No matching transaction found in user file","N/A","N/A","N/A","N/A","N/A","EXC-1365","2024-12-11T01:36:20.000Z","ETH",13.4229,"CONVERSION"
"Unmatched (Exchange only)","No matching transaction found in user file","N/A","N/A","N/A","N/A","N/A","EXC-1507","2024-12-11T22:06:05.000Z","AVAX",35.2548,"CONVERSION"
"Unmatched (Exchange only)","No matching transaction found in user file","N/A","N/A","N/A","N/A","N/A","EXC-1214","2024-12-14T07:10:36.000Z","DOT",23.1893,"TRANSFER_IN"
"Unmatched (Exchange only)","No matching transaction found in user file","N/A","N/A","N/A","N/A","N/A","EXC-1076","2024-12-14T19:35:08.000Z","AVAX",30.6714,"BUY"
"Unmatched (Exchange only)","No matching transaction found in user file","N/A","N/A","N/A","N/A","N/A","EXC-1054","2024-12-15T11:35:05.000Z","XRP",1855.03,"BUY"
"Unmatched (Exchange only)","No matching transaction found in user file","N/A","N/A","N/A","N/A","N/A","EXC-1228","2024-12-17T10:39:05.000Z","AVAX",11.7767,"TRANSFER_OUT"
"Unmatched (Exchange only)","No matching transaction found in user file","N/A","N/A","N/A","N/A","N/A","EXC-1207","2024-12-18T04:48:42.000Z","MATIC",3906.63,"SELL"
"Unmatched (Exchange only)","No matching transaction found in user file","N/A","N/A","N/A","N/A","N/A","EXC-1548","2024-12-18T10:26:21.000Z","ADA",3447.27,"TRANSFER_OUT"
"Unmatched (Exchange only)","No matching transaction found in user file","N/A","N/A","N/A","N/A","N/A","EXC-1546","2024-12-18T14:01:42.000Z","SOL",36.092,"BUY"
"Unmatched (Exchange only)","No matching transaction found in user file","N/A","N/A","N/A","N/A","N/A","EXC-1114","2024-12-19T04:52:28.000Z","UNI",11.3618,"TRANSFER_IN"
"Unmatched (Exchange only)","No matching transaction found in user file","N/A","N/A","N/A","N/A","N/A","EXC-1165","2024-12-19T13:06:25.000Z","LINK",16.4675,"BUY"
"Unmatched (Exchange only)","No matching transaction found in user file","N/A","N/A","N/A","N/A","N/A","EXC-1308","2024-12-21T00:55:04.000Z","LINK",36.9605,"TRANSFER_IN"
"Unmatched (Exchange only)","No matching transaction found in user file","N/A","N/A","N/A","N/A","N/A","EXC-1350","2024-12-21T11:10:40.000Z","AVAX",23.3536,"SELL"
"Unmatched (Exchange only)","No matching transaction found in user file","N/A","N/A","N/A","N/A","N/A","EXC-1074","2024-12-22T16:26:25.000Z","SOL",40.2251,"SELL"
"Unmatched (Exchange only)","No matching transaction found in user file","N/A","N/A","N/A","N/A","N/A","EXC-1404","2024-12-23T03:44:32.000Z","MATIC",4235.31,"BUY"
"Unmatched (Exchange only)","No matching transaction found in user file","N/A","N/A","N/A","N/A","N/A","EXC-1419","2024-12-23T04:32:42.000Z","LINK",49.2759,"BUY"
"Unmatched (Exchange only)","No matching transaction found in user file","N/A","N/A","N/A","N/A","N/A","EXC-1464","2024-12-24T03:53:59.000Z","BTC",2.43143,"SELL"
"Unmatched (Exchange only)","No matching transaction found in user file","N/A","N/A","N/A","N/A","N/A","EXC-1193","2024-12-24T06:21:08.000Z","XRP",193.32,"STAKING_REWARD"
"Unmatched (Exchange only)","No matching transaction found in user file","N/A","N/A","N/A","N/A","N/A","EXC-1006","2024-12-24T13:24:57.000Z","UNI",13.2996,"DEPOSIT"
"Unmatched (Exchange only)","No matching transaction found in user file","N/A","N/A","N/A","N/A","N/A","EXC-1210","2024-12-25T06:44:31.000Z","AVAX",23.2513,"CONVERSION"
"Unmatched (Exchange only)","No matching transaction found in user file","N/A","N/A","N/A","N/A","N/A","EXC-1467","2024-12-26T00:20:11.000Z","SOL",11.9149,"TRANSFER_IN"
"Unmatched (Exchange only)","No matching transaction found in user file","N/A","N/A","N/A","N/A","N/A","EXC-1022","2024-12-27T04:49:36.000Z","LINK",45.9328,"CONVERSION"
"Unmatched (Exchange only)","No matching transaction found in user file","N/A","N/A","N/A","N/A","N/A","EXC-1385","2024-12-28T08:29:43.000Z","MATIC",1911.47,"DEPOSIT"
"Unmatched (Exchange only)","No matching transaction found in user file","N/A","N/A","N/A","N/A","N/A","EXC-1328","2024-12-29T00:25:08.000Z","MATIC",3516.91,"BUY"
"Unmatched (Exchange only)","No matching transaction found in user file","N/A","N/A","N/A","N/A","N/A","EXC-1061","2024-12-31T03:19:28.000Z","DOT",34.008,"TRANSFER_IN"